num,gX,gY,gZ,aX,aY,aZ,pitch,roll
0.0,-0.20656,-0.00244,0.04061,0.00893,-0.00838,-0.07406,-0.111922,0.119257
0.0,-0.09969,-0.10931,0.05588,0.00698,-0.00448,-0.08041,-0.055422,0.08643
0.0,0.03771,0.04336,-0.17313,0.00014,-0.01473,-0.10189,-0.143587,0.001376
0.0,0.08351,0.10443,-0.05099,0.00844,-0.0118,-0.08626,-0.135326,0.096661
0.0,0.17511,0.27237,-0.1426,0.01772,-0.00643,-0.07406,-0.08425,0.234006
0.0,-0.00809,-0.06351,-0.1426,0.00112,-0.0118,-0.08724,-0.13445,0.012701
0.0,0.19038,0.01282,-0.05099,0.00356,-0.0162,-0.08773,-0.182414,0.039879
0.0,-0.08443,-0.24672,-0.03573,0.01186,-0.0118,-0.08333,-0.139297,0.139994
0.0,-0.02336,0.15023,0.05588,0.00649,-0.01278,-0.08724,-0.145042,0.073465
0.0,0.19038,0.2571,0.11695,0.00405,0.00236,-0.09017,0.026123,0.044846
0.0,-0.06916,-0.10931,-0.12733,0.02504,-0.0118,-0.06527,-0.167241,0.361034
0.0,-28.26763,24.71511,7.13985,0.30629,0.96623,-2.82699,0.327557,0.102167
0.0,3.77817,-1.16275,12.84977,-0.03746,-0.15682,-0.10091,-0.969265,-0.198216
0.0,-49.36687,53.79908,95.84214,0.32534,-1.15096,-1.22396,-0.737657,0.191272
0.0,-48.95466,20.98992,-101.66931,-0.38707,0.1674,1.97038,0.083172,-0.193293
0.0,165.21329,-110.07877,0.04061,-1.19468,0.65714,2.33219,0.245714,-0.458079
0.0,112.77054,-110.56732,68.10168,0.79995,-2.0704,-4.32845,-0.439653,0.165201
0.0,-231.90121,163.26474,-219.21129,-1.22349,-1.19393,-1.18734,-0.610921,-0.628367
0.0,61.27435,-5.7887,-39.63878,-2.06529,2.33244,3.67143,0.505679,-0.443297
0.0,249.94611,-122.15511,204.78871,0.7062,-2.06893,-2.99837,-0.591438,0.19148
0.0,-171.93175,188.68459,-189.86778,-0.83628,-1.37118,-3.63412,-0.352352,-0.212067
0.0,-123.12259,-2.33832,-123.48611,-1.30748,1.90666,3.67143,0.454991,-0.306111
0.0,238.03772,-66.91847,164.80397,-1.10582,-0.3829,0.50211,-0.305413,-1.051954
0.0,-11.32107,-0.6284,-19.15023,0.18813,-2.2037,-4.32845,-0.470535,0.038713
0.0,-253.74855,142.44031,-49.3945,-0.37486,-0.48592,1.04997,-0.411028,-0.313331
0.0,-0.08443,-13.10168,49.7658,-0.80308,1.36222,3.67143,0.347735,-0.202273
0.0,130.23619,-24.97954,99.91847,0.28139,-0.59481,-0.15609,-1.074899,0.429144
0.0,91.18275,-34.20092,42.55969,0.22377,-0.87801,-1.40853,-0.551835,0.134014
0.0,13.24382,23.89069,-34.52428,0.41909,-0.1119,0.53043,-0.164041,0.658102
0.0,-35.06153,11.92122,12.48336,0.20961,-0.41024,-0.1307,-1.028803,0.453069
0.0,-40.31343,0.04336,-9.88305,-0.1146,-0.14754,-0.0013,-0.910364,-0.660382
0.0,-38.80199,-0.12458,-20.84488,0.01967,-0.23397,-0.0472,-1.355615,0.082236
0.0,-38.46611,-2.29252,-6.93649,-0.21177,-0.14754,0.04655,-0.597495,-0.939854
0.0,-26.81725,-5.40702,-50.35634,0.09926,-0.03084,0.69254,-0.044059,0.142222
0.0,-15.70275,23.57008,-27.22656,0.04604,-0.2037,0.72038,-0.275037,0.061422
0.0,-11.3974,-2.65893,-1.76092,-0.02574,-0.08993,-0.5721,-0.155755,-0.044412
0.0,-12.13023,0.71511,-24.72275,0.23891,0.49845,-0.07406,1.105705,0.442715
0.0,17.19802,-7.49863,-43.80672,0.06215,0.57511,0.25504,1.142594,0.098473
0.0,9.54916,-2.70473,-17.76092,-0.00669,0.59318,-0.28744,1.119462,-0.010156
0.0,11.88504,2.44031,3.59786,-0.01207,0.6508,0.05583,1.48326,-0.01847
0.0,-8.31343,13.53954,37.59786,-0.23667,0.81779,0.20377,1.205991,-0.273771
0.0,-28.98519,10.36397,157.76581,-2.61167,-2.04452,3.67143,-0.425989,-0.556068
0.0,3.8545,-9.20855,-5.22656,0.07338,-0.11776,-0.57259,-0.20123,0.12488
0.0,17.64076,-1.75817,1.87267,0.05825,-0.68563,-0.26107,-1.198823,0.079227
0.0,27.65603,1.87542,1.21618,0.0685,-0.99813,-0.45101,-1.142105,0.06246
0.0,29.9003,4.44031,-2.93649,0.01918,-0.28133,-0.32308,-0.715564,0.044752
0.0,-6.49664,-1.11695,-3.01282,0.00502,0.32072,0.34391,0.750462,0.010684
0.0,-8.00809,0.02809,-0.31053,0.13637,0.20695,0.35026,0.503291,0.323437
0.0,24.75527,-26.8574,-122.29527,0.22084,0.13517,0.25211,0.383347,0.65744
0.0,-8.75618,-8.21618,-7.97466,-0.07505,0.54777,0.56559,0.765031,-0.095035
0.0,-2.03863,1.2342,-11.10443,-0.06724,0.55265,-0.34017,1.010448,-0.103246
0.0,-0.55771,0.98992,-16.31053,-0.05406,0.59611,-0.43197,0.940024,-0.0733
0.0,-12.55771,-1.36122,-8.55481,-0.05699,0.73576,-0.09261,1.424064,-0.076697
0.0,-1.3974,1.53954,13.13985,-0.09849,0.84416,-0.14095,1.369847,-0.114577
0.0,-3.01573,3.46321,27.90321,-0.10777,0.6547,0.08317,1.365792,-0.161866
0.0,-6.40504,0.65405,20.7429,-0.05894,0.67472,-0.07503,1.430313,-0.086603
0.0,-11.79435,2.57771,18.16275,-0.10484,0.60343,-0.49886,0.869349,-0.133112
0.0,-3.51954,16.59298,115.50626,-0.09751,0.21867,-0.2806,0.634545,-0.267545
0.0,21.8545,-1.6971,9.73527,0.03286,0.06046,-0.62582,0.096186,0.052211
0.0,6.58733,0.13496,1.82687,0.10952,0.00871,-0.35531,0.023412,0.298906
0.0,13.91557,-1.88031,2.62076,0.05825,-0.21102,-0.20101,-0.78954,0.197263
0.0,5.13695,2.94412,1.09405,0.08999,-0.67049,-0.57015,-0.860024,0.101887
0.0,10.55679,-1.95664,-0.96702,-0.015,-0.49813,-0.1639,-1.251681,-0.028587
0.0,-22.80198,0.63878,-4.76855,-0.01353,-0.01375,-0.18441,-0.074252,-0.073037
0.0,-12.92412,-3.25435,-2.76855,-0.00523,0.26115,0.36051,0.62685,-0.011747
0.0,-11.82489,0.15023,-39.83725,0.07973,0.0673,-0.23519,0.264645,0.31507
0.0,3.13695,-8.93374,-75.27236,-0.52134,1.50675,-0.70443,1.043997,-0.303742
0.0,5.53389,1.87542,-0.50901,-0.07408,0.81095,-0.54378,0.97585,-0.075723
0.0,-0.31344,-0.7658,-4.20366,-0.05015,0.50236,-0.07943,1.38594,-0.098289
0.0,-0.49664,-2.17038,-13.33344,-0.1146,0.73966,-0.1014,1.366791,-0.152317
0.0,-25.01573,5.15786,33.84214,-0.09214,0.77921,-0.21322,1.281092,-0.113568
0.0,2.38885,-1.08641,-7.51664,-0.13023,0.76261,-0.23617,1.230879,-0.1617
0.0,-16.38977,-1.8345,24.95664,-0.02867,0.58048,0.09684,1.398537,-0.048673
0.0,-22.1913,28.02809,79.59786,-0.09703,0.46525,0.1486,1.206381,-0.196107
0.0,19.59496,-9.88031,39.00244,-0.16001,0.13175,0.4611,0.26366,-0.322058
0.0,21.91557,-17.10168,68.01008,-0.08531,-0.00838,0.11686,-0.05788,-0.629353
0.0,51.51863,-11.6971,45.29252,-0.00523,-0.28573,0.24577,-0.860331,-0.013875
0.0,57.41175,17.11206,50.62076,-0.08775,-0.52303,0.19254,-1.186368,-0.156159
0.0,66.6484,174.36397,-11.28763,-0.03746,-1.01815,-1.13949,-0.728953,-0.024507
0.0,101.36596,299.509,-103.18076,0.13198,-0.88827,0.70329,-0.892667,0.115965
0.0,166.67894,450.53192,-252.55481,-1.96226,0.40763,2.29997,0.134022,-0.698705
0.0,145.22855,360.65405,-230.70747,-2.03453,-0.31893,-0.36361,-0.153106,-1.337402
0.0,94.89268,17.72275,-151.86778,-4.56333,0.38419,0.14079,0.083954,-1.481369
0.0,55.27435,-127.95663,23.99481,-4.244,0.3007,0.39225,0.070435,-1.454861
0.0,60.09878,-155.42229,61.49099,-3.9315,0.60636,0.92594,0.149012,-1.296374
0.0,125.50336,-371.16275,215.99481,-3.08335,1.06632,1.65006,0.29596,-1.003492
0.0,204.44992,-497.05588,266.23907,-2.07798,0.70939,1.35612,0.278461,-0.935985
0.0,220.74001,-381.89557,245.36885,-1.59507,0.02824,-0.39193,0.01719,-1.329257
0.0,185.65604,-80.75053,32.01007,-0.83482,-0.85213,-1.75033,-0.414022,-0.405111
0.0,99.86977,11.47847,-14.98229,-0.33726,-1.45516,-2.94369,-0.456518,-0.102348
0.0,-4.48137,257.15787,-207.53191,-0.16246,-0.87801,-2.11458,-0.392515,-0.070834
0.0,-24.46611,276.8678,-233.19603,-0.15855,-0.04208,-0.9681,-0.042864,-0.162183
0.0,-30.1913,324.73038,-377.92886,-0.56187,-0.12997,-0.25765,-0.207238,-1.096331
0.0,-52.48137,138.53191,-321.31818,-2.19224,0.84611,1.26774,0.322452,-0.963264
0.0,-51.3058,-39.39176,-213.73038,-2.93833,0.65128,1.80631,0.186628,-0.991979
0.0,44.49572,-199.01007,-74.61588,-3.42369,0.6049,2.23454,0.14689,-0.97625
0.0,163.16748,-434.26199,100.39175,-4.23472,1.15666,2.85563,0.222702,-0.941817
0.0,125.44229,-168.18564,175.99481,-2.49937,0.95792,0.80534,0.349796,-1.106576
0.0,116.57207,-176.29251,282.52917,-0.90953,-0.06405,0.01188,-0.070297,-1.499298
0.0,64.98428,50.40977,165.79634,0.06459,-0.95077,-1.23128,-0.656878,0.041499
0.0,27.19802,41.38687,40.16275,0.45327,-0.60067,-0.28988,-0.840349,0.596905
0.0,27.99191,15.57008,14.40702,0.04067,-0.55672,-0.139,-1.316297,0.070757
0.0,-0.48137,6.73038,-55.3945,0.25649,-0.28963,-0.83724,-0.319437,0.281811
0.0,-6.06916,-33.48336,-6.46321,0.05581,0.03361,-0.11751,0.252815,0.42831
0.0,22.7858,-7.77344,-2.35634,0.03334,-0.87606,0.00797,-1.531681,0.038042
0.0,-62.43557,1.67695,-7.54718,0.03579,-0.13387,-0.97298,-0.13664,0.03642
0.0,-124.89359,3.03573,-18.53954,-0.0316,-0.29256,-0.24007,-0.879415,-0.083295
0.0,-50.64931,0.3945,36.6971,0.27993,1.10734,3.52067,0.303828,0.075701
0.0,372.46518,35.61588,-64.58534,0.30825,-1.80331,-0.12777,-1.387829,0.168883
0.0,-158.1913,-1.71237,-29.3945,0.24624,-1.50448,-2.66878,-0.511513,0.080201
0.0,-111.3974,-0.94901,-2.73802,0.18618,0.92667,2.98991,0.299999,0.059407
0.0,108.72474,103.38687,-42.02046,1.34438,-2.0035,-4.32845,-0.416213,0.274734
0.0,-3.68748,-4.8574,3.55206,-0.09117,0.21378,0.46842,0.421178,-0.175241
0.0,85.5339,-3.63603,44.72763,-0.05113,-0.46346,-0.56771,-0.682666,-0.069652
0.0,18.95374,-39.40702,25.09405,0.41762,-0.67,-2.80062,-0.232345,0.144021
0.0,-123.1684,85.84489,-33.83725,0.06752,-0.41512,-0.56576,-0.629648,0.095932
0.0,-80.2829,29.69221,-1.19603,0.17592,0.08732,2.85514,0.030516,0.06151
0.0,112.67893,-84.68946,15.78107,-0.75816,-0.05477,0.59391,-0.056809,-0.904228
0.0,75.47282,-76.55206,9.72,-0.00328,-1.61336,-3.87386,-0.394627,-0.000781
0.0,-202.5119,156.66931,-78.29527,-0.17515,-0.43661,1.56315,-0.270759,-0.107504
0.0,237.15222,-56.64367,34.39175,-2.08824,0.49308,3.03385,0.133086,-0.596765
0.0,-24.06916,2.85252,-31.65405,0.57143,-3.38338,-4.32845,-0.659271,0.103639
0.0,-209.15312,12.83725,-92.63114,-0.54966,0.58341,3.67143,0.15588,-0.146795
0.0,255.73238,-122.56732,193.3994,-0.76011,-1.25838,-0.84945,-0.834769,-0.464167
0.0,-160.84778,149.82962,-140.509,-1.01109,-2.10311,-4.32845,-0.441932,-0.207091
0.0,-97.06152,6.68458,-87.40977,-0.94908,1.97843,3.67143,0.480875,-0.223755
0.0,240.80107,-178.84213,191.59787,-0.06431,-2.04647,-3.00228,-0.598189,-0.017698
0.0,-208.29817,181.57008,-110.89069,-0.51548,-1.80624,-3.0516,-0.528296,-0.144356
0.0,-27.2142,-37.75817,-17.01283,-1.07603,2.18058,3.67143,0.518037,-0.246849
0.0,251.65604,-134.27725,167.5826,0.41518,-2.63778,-2.80746,-0.748851,0.107362
0.0,-193.24474,148.53191,-103.91358,-0.8607,-1.62899,-3.18441,-0.4587,-0.236139
0.0,-75.33633,-55.43756,11.88794,-0.44908,1.46964,3.67143,0.378203,-0.113072
0.0,212.95375,-77.62076,89.27725,-0.45884,-1.2828,-1.57699,-0.663084,-0.221994
0.0,-109.1684,138.71512,-96.40214,-0.64634,-1.56991,-4.1224,-0.359847,-0.145488
0.0,-126.2829,5.20366,-45.62351,-0.31871,0.72306,3.67143,0.193744,-0.084966
0.0,146.15985,-68.38412,70.26962,-0.58628,-0.90145,-1.23373,-0.583335,-0.366377
0.0,-19.50427,46.85252,-46.52428,0.26137,-0.29842,-1.43343,-0.202017,0.176652
0.0,-28.74092,0.33344,-16.50901,-0.12583,-0.08114,-0.10873,-0.453921,-0.74783
0.0,-7.93176,2.95939,-5.50137,0.08999,-0.07772,-0.18001,-0.368536,0.430257
0.0,-6.1913,3.99756,-4.90595,-0.07505,-0.03475,-0.01253,-0.428404,-1.113399
0.0,9.99191,2.57771,0.7887,0.1686,-0.02938,1.0319,-0.028092,0.161891
0.0,0.03771,2.42504,-0.17313,0.03676,-0.0367,-0.13216,-0.261436,0.261864
0.0,-0.1455,-0.35359,0.19328,0.01186,-0.01571,-0.07894,-0.194295,0.146303
0.0,-2.86305,-5.23908,12.51389,0.06606,-0.0328,0.06657,-0.336429,0.727367
0.0,5.24382,-1.92611,22.95664,0.04409,-0.04598,-0.42904,-0.106211,0.101819
0.0,-41.85542,52.33344,33.49099,0.26577,-0.35165,-1.3221,-0.255078,0.191874
0.0,-106.87832,-13.7429,-119.65405,0.23159,-0.40536,1.11637,-0.341595,0.192574
0.0,108.29726,-61.23909,-34.50901,-1.56578,1.07707,3.67143,0.263571,-0.388438
0.0,187.73238,-129.95663,151.24672,0.57924,-1.8619,-3.71175,-0.460141,0.138596
0.0,-235.65694,209.73802,-145.10443,-0.66099,-0.95516,-1.08041,-0.646143,-0.429783
0.0,198.28198,-43.42229,56.45282,-1.75523,0.88566,3.67143,0.214296,-0.43505
0.0,-11.38214,-57.17802,13.82687,0.61635,-2.5035,-4.32845,-0.520034,0.122644
0.0,-221.09206,-57.86504,-72.78381,-0.24351,0.84757,3.67143,0.226401,-0.064536
0.0,205.96138,-95.49862,218.25435,-0.70445,-0.75204,-0.71126,-0.644289,-0.597555
0.0,-91.97755,149.67696,-115.24183,0.15346,-0.73446,-2.08968,-0.337142,0.069173
0.0,16.40412,-11.98718,50.62076,-0.23863,0.13322,1.25895,0.103593,-0.186307
0.0,30.08351,2.79145,8.98718,0.10366,-0.18758,-0.52865,-0.335075,0.18273
0.0,11.18275,19.92122,4.45282,0.24038,-0.18026,0.05778,-0.630014,0.903734
0.0,19.61023,-42.65893,13.75054,-0.01841,-0.21737,-0.20199,-0.819995,-0.061974
0.0,-3.59588,-31.05588,5.87267,-0.16099,-0.39364,-0.72542,-0.487157,-0.192641
0.0,-28.03863,-28.99481,13.55206,-0.09458,-0.33797,-0.46468,-0.619203,-0.163149
0.0,-17.29053,-15.40702,8.31542,0.0475,0.04386,0.33122,0.130344,0.141238
0.0,49.33542,-29.51389,6.13221,0.01333,-0.06161,0.19303,-0.308245,0.065668
0.0,78.81634,7.49374,-43.63878,-0.0023,-0.59676,-2.56917,-0.228231,-0.000872
0.0,-30.0997,83.35634,12.84977,0.38735,-0.99667,-1.618,-0.539726,0.201077
0.0,-41.3058,18.2571,-3.59298,-0.18882,-0.3204,-0.49349,-0.545091,-0.31054
0.0,-21.50427,3.26473,-2.58534,0.09682,-0.13875,-0.08919,-0.811692,0.530786
0.0,2.57206,1.08153,-3.50137,0.05092,-0.15438,-0.10726,-0.915177,0.264541
0.0,35.86977,-10.8574,2.10168,0.02797,-0.03329,0.05338,-0.504602,0.4184
0.0,69.6713,-28.21618,-39.83725,0.40395,-0.21004,2.16959,-0.094891,0.183242
0.0,-18.86305,62.2113,-31.44031,0.27846,-0.44295,-0.33773,-0.791337,0.46358
0.0,-23.01573,32.79145,-6.89069,0.04213,-0.43368,-0.55794,-0.659353,0.059553
0.0,-22.72565,59.21893,-34.58535,-0.00621,-0.15731,-0.5306,-0.288201,-0.011213
0.0,-25.68748,37.61588,-15.59298,0.04018,-0.17391,-0.264,-0.577258,0.126422
0.0,-40.84779,35.78382,-22.47847,-0.14537,-0.11092,-0.27816,-0.339721,-0.451922
0.0,-33.71802,28.33344,-2.38687,-0.09898,-0.03182,0.3029,-0.09953,-0.314222
0.0,-15.59588,36.74565,7.46046,-0.15318,0.04044,0.42692,0.088934,-0.343076
0.0,32.05298,148.74565,-46.29527,0.09438,0.07951,0.85954,0.091689,0.108904
0.0,81.91557,260.89832,-84.3258,-0.49986,0.25285,1.3234,0.176866,-0.355256
0.0,190.90794,499.7533,-169.31816,-1.9315,0.85343,1.79459,0.313052,-0.771188
0.0,118.7858,357.41742,-181.94412,-2.14976,0.59757,0.02506,0.27111,-1.299442
0.0,-1.33634,-103.62076,32.92611,-3.64341,0.82853,0.4362,0.222069,-1.319245
0.0,-11.85542,-207.59023,52.22382,-3.56578,0.8715,0.80827,0.233993,-1.24904
0.0,17.94611,-500.78107,290.02536,-2.43248,1.27824,2.03874,0.382866,-0.790805
0.0,128.11404,-500.78107,345.32306,-2.12828,0.87785,0.86637,0.364918,-1.045573
0.0,45.09114,44.68458,-119.54717,-0.07505,-0.31551,-1.59554,-0.195018,-0.046113
0.0,-61.67221,232.11971,-135.57771,-0.06675,-0.26522,-1.31771,-0.198372,-0.049622
0.0,-68.45084,495.11206,-243.94412,-0.99693,0.7299,1.26286,0.425887,-0.59955
0.0,14.6026,499.7533,-321.37924,-2.81578,1.23869,1.76676,0.356692,-0.916945
0.0,-3.53481,-21.77344,13.55206,-4.04478,0.94328,0.98356,0.222841,-1.245819
0.0,15.88504,-132.30779,114.48336,-3.24546,0.94376,1.27116,0.264427,-1.11694
0.0,85.90031,-335.31543,273.56732,-2.34605,1.21525,1.6403,0.401468,-0.854718
0.0,155.32016,-422.67419,303.26199,-1.06871,0.51408,-0.29574,0.43411,-1.064164
0.0,15.79344,10.89832,26.97191,0.41762,-0.9703,-3.06771,-0.303707,0.129075
0.0,-138.71037,107.64642,-123.07389,0.4518,0.3632,-0.04427,0.674775,0.890085
0.0,20.57206,80.33344,-149.45557,-2.42027,2.31681,3.49284,0.499155,-0.523667
0.0,178.00717,-195.71236,318.77344,0.11342,-0.98641,-2.83236,-0.33488,0.0378
0.0,-146.64931,137.89069,-119.27236,-0.43345,-0.18514,-2.23031,-0.081307,-0.191311
0.0,-185.61115,-39.51389,83.04825,-0.29527,0.14005,0.36344,0.290621,-0.648654
0.0,-106.22183,111.1426,-2.46321,-0.26548,0.05851,1.58708,0.036346,-0.165633
0.0,-29.67221,-5.52916,40.98717,0.39711,-0.12606,1.11149,-0.1064,0.341127
0.0,21.6713,100.02809,10.31542,-0.05503,0.16984,1.22721,0.137384,-0.044392
0.0,103.09115,366.77618,-57.50138,-1.07066,0.92716,1.80045,0.416695,-0.486327
0.0,177.22855,486.94412,-128.93649,-1.64927,0.73673,1.67741,0.303507,-0.732939
0.0,98.77054,289.64642,-77.31817,-2.6815,1.33537,0.74479,0.44738,-1.052567
0.0,17.01481,67.57008,-72.49374,-3.82505,1.538,0.97672,0.371497,-1.126275
0.0,12.46519,38.1655,14.59023,-3.31138,1.10539,0.32682,0.32073,-1.235816
0.0,-8.72565,-85.52916,46.33068,-3.33042,1.15421,0.47868,0.330462,-1.211861
0.0,-23.88595,-163.30016,23.78107,-3.08873,1.51554,0.02458,0.456143,-1.114589
0.0,3.09115,-351.34595,111.07878,-3.01695,1.5131,1.40885,0.426529,-0.97002
0.0,-22.13023,-324.59787,79.23145,-1.68687,1.17912,1.40055,0.493424,-0.744502
0.0,-46.52718,-320.0177,126.11695,-0.83287,0.93009,0.54752,0.750833,-0.657235
0.0,-14.93939,-240.13985,171.53679,-0.2606,0.44718,0.11881,1.001149,-0.512936
0.0,33.6713,-159.49863,96.66656,0.18374,-0.30282,-0.87484,-0.326618,0.195923
0.0,50.03771,-119.52916,56.59023,-0.17222,-0.45077,-1.47298,-0.295079,-0.11134
0.0,26.72473,-37.37649,10.30015,-0.95005,-0.51717,-1.93587,-0.235382,-0.442742
0.0,-16.98519,50.74565,39.79633,-0.68882,-0.6744,-1.81527,-0.334311,-0.341749
0.0,-30.69511,263.84488,-73.07389,-0.33482,-0.42586,-1.08431,-0.359005,-0.279869
0.0,-2.92412,394.05862,-146.6006,-0.40318,0.09416,0.39274,0.165749,-0.784544
0.0,62.86214,451.32581,-209.74565,-0.38511,0.25822,0.83317,0.274235,-0.41577
0.0,-48.29817,-341.59024,27.91847,-2.22447,1.11662,2.111,0.34919,-0.749932
0.0,-40.89359,-235.80397,72.26962,-0.6273,0.3046,1.30534,0.207305,-0.437715
0.0,10.23618,-238.72,64.5597,-0.13804,0.03751,0.78727,0.046901,-0.173385
0.0,15.7171,-83.86504,46.92611,-0.01792,-0.41024,-0.54427,-0.645629,-0.026293
0.0,5.82397,29.29527,11.42992,-0.0106,-0.32284,-0.48763,-0.584691,-0.018124
0.0,-23.55008,40.56244,-50.93649,0.10268,-0.26815,-0.32943,-0.660626,0.237184
0.0,-16.17603,-17.66656,-42.38687,-0.03355,-0.09579,-0.58333,-0.162488,-0.056693
0.0,-20.34397,13.00519,-6.49374,-0.02134,-0.00985,-0.37777,-0.026023,-0.056418
0.0,0.03771,-0.5826,0.19328,0.00991,-0.0035,-0.03646,-0.092399,0.264164
0.0,-0.09969,0.45557,0.02534,0.01137,0.00285,-0.12728,0.022273,0.089088
0.0,0.11405,0.50137,0.42229,0.02211,0.00333,-0.17269,0.019153,0.127341
0.0,-17.47374,-15.84977,-0.61588,-0.0438,0.06242,0.63395,0.097909,-0.068656
0.0,15.35069,7.86015,1.8574,0.10756,0.23917,-0.89339,0.259789,0.115783
0.0,16.87741,-5.16275,3.52153,0.01284,0.20744,-0.11458,1.06348,0.054116
0.0,-6.03863,-0.24672,0.62076,0.04946,-0.28622,-0.16439,-1.030534,0.148736
0.0,-2.08443,-6.52153,0.22382,-0.00279,-0.20125,-0.00033,-1.556849,-0.013853
0.0,-15.48901,-0.70473,-2.29527,0.04262,-0.28475,-0.83187,-0.329399,0.048437
0.0,-69.18366,3.82962,-10.1426,0.10268,0.0507,-0.74642,0.067187,0.136396
0.0,-107.82488,1.1426,-13.11969,0.07338,0.42033,0.22965,1.050027,0.152028
0.0,-48.34397,10.10443,-1.89832,-0.02476,0.66447,0.6276,0.813534,-0.027084
0.0,61.16748,0.73038,5.07878,-0.02476,0.06632,1.15299,0.057446,-0.021436
0.0,79.51863,-1.33069,8.25435,0.06948,-0.59676,0.04801,-1.430211,0.115532
0.0,47.64076,-3.22382,3.21618,0.05678,-0.7203,-0.9471,-0.64934,0.047684
0.0,16.17511,-1.7887,-0.17313,0.07338,-0.14754,-0.4847,-0.292348,0.143838
0.0,3.59496,0.2571,1.87267,-0.02769,-0.06844,-0.24105,-0.274936,-0.11006
0.0,22.70947,-3.98718,3.38412,0.07631,-0.02596,0.17106,-0.137726,0.415404
0.0,-11.80962,2.86779,-1.36397,-0.0023,0.4257,-0.25472,1.031564,-0.004636
0.0,-0.11496,-0.24672,-0.03573,0.04018,-0.00838,-0.06576,-0.108368,0.544924
0.0,-34.51191,2.62351,-2.28,-0.10533,0.57218,-0.14779,1.263661,-0.176378
0.0,40.23618,-5.89557,1.84214,-0.09654,-0.26522,1.75456,-0.149802,-0.05435
0.0,20.63313,-0.17038,2.31542,0.03774,-0.07235,-0.84603,-0.085224,0.044416
0.0,-39.87069,0.50137,-5.3029,0.00063,0.13761,-0.45345,0.294643,0.001329
0.0,-41.15313,-0.52153,-5.56244,-0.09068,0.4213,0.92985,0.423643,-0.088595
0.0,0.44992,-11.13221,2.86504,0.00795,-0.05038,1.36637,-0.036851,0.005817
0.0,37.77817,3.44794,0.95664,0.0143,0.24064,0.53434,0.42301,0.0244
0.0,47.48809,-0.7658,4.14748,0.11293,-0.42733,-0.66341,-0.56576,0.142147
0.0,-15.67221,-4.52153,-0.06626,0.21645,-0.79793,-1.55257,-0.470838,0.123367
0.0,-68.29816,9.95176,-5.74565,-0.07457,-0.05575,0.31315,-0.171478,-0.230271
0.0,-3.33634,-1.6513,1.15511,-0.06968,0.47062,0.3986,0.860635,-0.112509
0.0,0.34305,0.42504,0.34595,0.00502,0.01505,-0.21126,0.071115,0.023718
0.0,-0.26763,2.2571,-0.09679,0.01723,-0.03573,-0.60091,-0.059361,0.028617
0.0,-16.34397,-7.7429,1.15511,0.19545,-0.13338,-0.11849,-0.528249,0.830946
0.0,9.86977,3.73801,13.90321,-0.07652,0.00822,0.22965,0.033936,-0.321431
0.0,18.96901,-2.32305,6.48336,-0.08335,-0.09042,0.41569,-0.210114,-0.193489
0.0,28.38885,-3.63603,-4.28,0.02016,-0.04354,-0.52083,-0.083341,0.038556
0.0,-2.22183,-1.77344,-6.43267,0.11733,0.00822,-0.50814,0.015756,0.226894
0.0,-41.71802,0.98992,-11.24183,0.0353,0.27433,-0.16439,1.020948,0.109925
0.0,-10.60351,24.62351,-1.76092,-0.04625,0.27091,-0.45052,0.539086,-0.087742
0.0,-10.96992,-0.32305,-0.84489,-0.07359,0.19035,0.18717,0.757886,-0.268979
0.0,-6.35924,2.86779,0.40702,0.02944,-0.14461,-0.52816,-0.266863,0.053707
0.0,23.13695,-0.27725,3.29252,0.02407,-0.12752,-0.14535,-0.713478,0.123832
0.0,12.7858,3.76855,0.71237,0.03774,-0.49374,-0.52572,-0.752754,0.05228
0.0,27.04534,-1.46809,1.39939,0.05092,-0.02254,-0.38753,-0.057613,0.130436
0.0,5.54916,-17.83451,-42.69221,0.31459,-0.07333,0.05973,-0.225106,1.278766
0.0,-10.49664,5.4174,13.29252,0.40542,0.49552,0.21012,0.82622,0.645568
0.0,-28.05389,16.74565,39.99481,0.09926,0.70402,-0.31966,1.126987,0.127682
0.0,-21.64168,36.02809,184.75816,-0.27964,0.05509,-0.32992,0.126703,-0.696334
0.0,1.03008,0.19603,0.20855,-0.02281,-0.35018,-0.03207,-1.458897,-0.064769
0.0,15.15221,0.98992,-0.35634,0.06997,-0.47225,-0.52621,-0.727059,0.098634
0.0,3.28962,-19.83451,-109.76092,0.16713,-0.58358,0.13981,-1.213442,0.27163
0.0,-28.16076,6.2113,1.90321,0.09438,0.72306,-0.83871,0.708376,0.085024
0.0,-9.29053,2.2113,36.59023,-0.01304,0.67472,-0.62777,0.821324,-0.014151
0.0,-13.99282,7.09679,87.73527,-0.33482,0.51994,-0.15365,0.954369,-0.553232
0.0,-8.1455,1.52427,4.49863,0.25502,-0.49276,0.23649,-0.956174,0.436565
0.0,-0.00809,0.08916,-0.73802,0.02114,0.00138,-0.25277,0.005448,0.083429
0.0,1.8545,-1.51389,-7.97466,0.0392,-0.26571,0.17155,-0.985843,0.123327
0.0,-12.93939,-30.23145,-143.54718,-0.62681,1.4755,1.33317,0.786189,-0.305348
0.0,-9.70275,1.99756,-3.63878,-0.17515,1.2338,-0.37728,1.245631,-0.13493
0.0,-5.58061,0.80672,34.08641,-0.00083,0.85294,-0.02767,1.538351,-0.000978
0.0,-1.53481,10.3487,112.22382,-0.21812,0.3422,-0.13802,0.924552,-0.533872
0.0,1.33542,-4.5826,2.59023,0.12075,-0.44588,1.01774,-0.410361,0.108246
0.0,20.77053,2.07389,0.13221,0.0226,-0.40633,-0.35287,-0.854694,0.041975
0.0,24.74,-18.10931,-168.63115,-0.07164,-0.17049,-0.08382,-0.996722,-0.360576
0.0,1.18275,-2.65893,-50.2342,0.0143,0.96476,-0.26595,1.30144,0.01429
0.0,-24.63405,0.60824,12.48336,-0.1063,1.15666,-0.4725,1.174263,-0.084877
0.0,-1.74855,5.34107,20.66656,0.06069,0.39835,-0.5472,0.626356,0.089425
0.0,2.75527,17.17313,158.62076,-0.21763,0.03214,-0.35091,0.077688,-0.553261
0.0,4.99954,-3.54443,1.6742,-0.05845,0.06046,-0.20541,0.275903,-0.266495
0.0,-5.50427,3.4174,0.33069,-0.02427,-0.0284,-0.50326,-0.056314,-0.048117
0.0,-16.2829,-0.56733,-1.71511,0.03237,0.05412,0.05485,0.70433,0.3977
0.0,-26.03863,0.62351,-2.58534,-0.01109,-0.13729,0.12418,-0.833502,-0.059829
0.0,-19.2142,0.83725,-2.47847,0.00161,-0.05331,0.03825,-0.948001,0.024481
0.0,-17.22947,3.47847,-2.47847,-0.00718,-0.04256,-0.23373,-0.180052,-0.030224
0.0,-24.89359,-10.6742,-2.55481,-0.10191,0.0546,0.43571,0.12143,-0.228041
0.0,-14.93939,52.59298,22.22382,-0.08775,-0.01522,-0.0765,-0.130002,-0.844159
0.0,-8.22183,57.17313,-1.91359,-0.13853,-0.1036,0.26969,-0.329257,-0.447113
0.0,-12.81725,137.23421,12.51389,-0.29039,-0.1661,0.45329,-0.29928,-0.54153
0.0,-7.68748,166.47084,20.62076,-0.44517,-0.24959,1.14811,-0.199983,-0.362179
0.0,1.04534,75.58535,5.61313,-0.74449,-0.27694,1.3234,-0.180401,-0.503325
0.0,-1.18366,-1.01008,0.57496,-0.9232,-0.18368,1.43278,-0.107349,-0.568682
0.0,0.28198,-17.25435,-2.72275,-0.92173,-0.20125,1.38444,-0.120419,-0.582576
0.0,-5.48901,-57.42229,-8.50901,-0.72642,-0.18417,1.39372,-0.116646,-0.476934
0.0,-2.89359,-110.23145,-20.02046,-0.56382,-0.16561,1.08756,-0.134374,-0.473613
0.0,2.03771,-135.84976,-3.66931,-0.22886,-0.08358,0.73991,-0.107498,-0.298193
0.0,28.05298,-154.75053,-23.79145,-0.20103,-0.02499,0.20329,-0.087171,-0.776071
0.0,-4.11496,-3.48336,-2.35634,-0.18638,0.1508,0.24674,0.453724,-0.572522
0.0,9.36595,11.26473,15.6742,0.01625,0.32023,-0.29818,0.8203,0.037132
0.0,-31.29053,2.83725,-1.88305,0.05532,-0.11239,-0.40365,-0.269158,0.131263
0.0,1.39649,-1.80397,-0.05099,-0.00718,0.01212,0.14079,0.085794,-0.050786
0.0,13.6255,-13.7429,2.66656,-0.01988,0.07121,0.00895,1.273704,-0.270207
0.0,-12.74092,-45.62076,62.66656,-0.23912,0.17179,1.30485,0.128783,-0.179724
0.0,25.73237,-8.26198,-3.3029,-0.03892,0.0424,-0.28353,0.147075,-0.134938
0.0,16.49573,2.91359,1.61313,0.04799,0.09855,-0.21322,0.423619,0.201547
0.0,42.05298,-3.91084,2.11695,-0.03697,-0.05819,0.13883,-0.384821,-0.240812
0.0,31.09114,2.60824,0.86504,0.00209,-0.31014,-0.1097,-1.230757,0.006367
0.0,5.24382,6.73038,1.6742,0.03872,-0.2579,-0.57699,-0.419494,0.061183
0.0,6.49573,-0.91847,-1.08916,0.02993,-0.12948,-0.33285,-0.36963,0.0836
0.0,1.97664,-0.68947,-4.17313,0.03627,-0.08358,-0.37582,-0.217852,0.093943
0.0,29.64076,-2.30779,-53.3029,0.02016,0.16447,-0.58138,0.27553,0.033356
0.0,13.35069,-22.96428,-101.77618,-0.23228,0.72501,-0.50765,0.914611,-0.256654
0.0,29.13695,-15.77344,-48.63115,-0.10435,0.69718,-0.42855,1.006716,-0.126827
0.0,-23.06153,-1.51389,10.77344,-0.18003,0.84953,-0.35384,1.133624,-0.193192
0.0,-10.96992,1.57008,43.09404,-0.04869,0.63908,-0.11068,1.383806,-0.074925
0.0,2.52626,17.02046,26.23908,-0.03892,0.48576,-0.54037,0.730943,-0.053514
0.0,0.08351,5.67695,10.57496,-0.09703,0.55412,-0.19222,1.200169,-0.163945
0.0,-11.76382,8.56244,59.18565,-0.03648,0.57121,0.2111,1.211987,-0.059833
0.0,-20.43557,-81.22382,0.98718,-0.07847,0.00773,2.04264,0.003781,-0.038398
0.0,18.60259,1.28,6.68183,0.10366,-0.09676,-0.09701,-0.598254,0.64767
0.0,31.45756,0.80672,9.82687,0.10366,-0.21639,-0.03011,-1.108086,0.443003
0.0,-1.85542,1.40214,-1.2571,0.03383,0.06925,0.03092,0.986131,0.419599
0.0,27.32015,3.55481,5.53679,0.05239,-0.30721,0.17545,-1.033299,0.14701
0.0,62.22092,-16.44519,5.96427,-0.09751,0.04337,1.02262,0.042198,-0.094985
0.0,94.61787,-68.46046,-78.24947,0.24233,-0.20467,-0.00667,-0.701168,0.86918
0.0,77.93084,-22.13985,-14.90595,-0.01011,-0.14461,-0.93636,-0.153223,-0.010673
0.0,29.94611,5.03573,-6.08153,-0.10826,0.40275,-1.37435,0.284232,-0.075447
0.0,9.30489,18.11969,1.6742,-0.01695,0.4633,-1.02718,0.423664,-0.015039
0.0,-91.36687,61.28,32.62076,0.02114,0.25773,-0.65414,0.375145,0.030056
0.0,-60.2829,-66.15511,-49.76092,-3.2772,0.64494,3.67143,0.130307,-0.721183
0.0,-81.61115,2.62351,-8.47847,0.05727,-0.05917,0.39079,-0.148694,0.143899
0.0,-7.01572,-0.47573,-0.86015,-0.01353,0.00968,0.28434,0.034001,-0.047521
0.0,92.23618,0.15023,9.12458,-0.01695,-0.22079,0.05387,-1.320375,-0.074437
0.0,146.99954,-3.52916,-20.29527,0.10073,-0.07186,-0.14828,-0.38127,0.548698
0.0,141.85451,-111.40702,-40.35634,-0.16929,-0.12655,-0.95736,-0.129437,-0.173544
0.0,66.08351,-57.22382,-3.05863,-0.17466,0.02824,-0.79867,0.034526,-0.215173
0.0,24.84687,-5.49863,1.04824,0.00161,0.14591,-1.19173,0.121831,0.001338
0.0,4.06824,10.69985,0.71237,-0.12876,-0.08114,-0.8846,-0.090517,-0.143951
0.0,-61.07679,39.17313,-0.1884,-0.16832,0.05509,-1.15609,0.047122,-0.144413
0.0,-145.44321,84.92886,9.04824,0.17592,-0.56112,-0.60824,-0.725143,0.209469
0.0,-126.75618,-0.50626,-21.82199,-0.48765,-0.27743,0.1193,-0.504843,-1.016324
0.0,-60.93939,-1.36122,-6.08153,-0.03355,0.26066,0.64079,0.38586,-0.04846
0.0,31.18275,-1.51389,3.09405,-0.0858,0.33292,0.78141,0.400609,-0.100669
0.0,156.74001,1.70748,15.61313,0.06704,-0.41268,-0.38216,-0.816216,0.118626
0.0,166.08351,-75.9261,-1.45557,-0.05162,0.13859,-0.73568,0.185754,-0.06884
0.0,65.85451,-59.54443,-3.92886,0.03042,-0.20077,-0.77181,-0.254295,0.03812
0.0,35.27435,-29.39176,-2.00519,-0.1273,0.10929,-0.47396,0.219125,-0.255978
0.0,19.25908,-5.77344,3.68947,0.01235,0.05558,-0.52132,0.106185,0.023549
0.0,-26.52718,16.73038,-0.61588,0.01284,-0.045,-0.75716,-0.05936,0.016923
0.0,-104.13023,39.28,1.68947,-0.16099,-0.54403,-1.04134,-0.476599,-0.136179
0.0,-163.73328,96.02809,5.21618,-0.73765,-0.04012,-1.53451,-0.023561,-0.447963
0.0,-73.1684,-3.05588,-9.3029,-0.22251,-0.03622,0.07047,-0.153934,-1.228709
0.0,-33.94702,-3.23908,-8.61588,-0.07994,-0.3243,-0.60287,-0.489905,-0.116245
0.0,-7.36687,3.79908,-0.3716,0.04702,-0.04452,-0.51449,-0.085955,0.090795
0.0,0.11405,2.91359,-0.49374,0.006,0.01408,-0.42416,0.033173,0.014139
0.0,0.08351,-0.26198,0.16275,0.01967,-8e-05,-0.15804,-0.000521,0.123842
0.0,-0.17603,-0.30779,-0.09679,0.02456,0.0048,-0.12826,0.036739,0.189039
0.0,0.15985,0.08916,0.04061,0.0143,0.00675,-0.14486,0.046359,0.098304
0.0,-0.08443,0.28763,0.10168,0.02211,0.00675,-0.14583,0.04575,0.150334
0.0,-0.22183,0.10443,0.08641,0.00649,0.00529,-0.14779,0.035732,0.043853
0.0,-0.09969,0.04336,0.07115,0.01967,-0.00838,-0.17513,-0.047536,0.111736
0.0,-219.22946,3.82962,-22.53954,0.04848,-0.72127,-0.60921,-0.867869,0.051305
0.0,-291.64169,-8.91847,-36.55481,-0.14537,0.93253,2.54801,0.35032,-0.053524
0.0,-88.14549,-2.15511,-9.60824,0.04799,1.12589,-0.33138,1.281728,0.04087
0.0,-0.00809,-0.61313,-0.03573,0.00747,-0.00301,-0.0848,-0.035375,0.087759
0.0,0.03771,0.19603,-0.21893,0.01479,-0.00936,-0.17464,-0.053355,0.084365
0.0,-0.00809,-0.07878,-0.11206,0.006,0.00285,-0.17171,0.016566,0.034929
0.0,0.06824,-0.07878,-0.09679,0.01772,-0.00545,-0.16292,-0.033268,0.108274
0.0,-266.14551,0.94412,-30.06626,0.21059,0.26945,-0.52865,0.442229,0.341047
0.0,-499.03101,-72.56732,-42.90596,0.42299,-2.61825,-3.74349,-0.607356,0.092331
0.0,-59.19893,-12.44519,-4.34107,-0.07359,0.54044,0.89909,0.539758,-0.070036
0.0,0.14458,-1.33069,0.13221,0.03383,0.00333,-0.08578,0.036152,0.37544
0.0,-0.06916,-0.07878,-0.28,0.03139,0.01652,-0.17708,0.091591,0.174703
0.0,-0.00809,0.04336,-0.12733,0.00551,0.03019,-0.18636,0.160534,0.029192
0.0,3.35069,-1.45282,-10.89069,0.28774,-0.2828,-0.61703,-0.393693,0.400962
0.0,-81.50427,0.33344,-12.08153,0.04067,0.16642,-0.11654,0.932643,0.197563
0.0,-128.89359,-1.23908,-12.87542,-0.04722,0.45988,0.11295,1.310613,-0.099391
0.0,-81.13786,34.37924,115.75053,-0.17222,0.13273,-0.91146,0.142126,-0.184845
0.0,-49.18367,-6.5826,-29.08916,0.14028,-0.52254,0.22282,-1.104052,0.242097
0.0,2.19038,0.01282,-2.49374,-0.13365,-0.66854,-0.20736,-1.217289,-0.188665
0.0,-0.78672,6.88305,22.97191,-0.05503,-0.72909,-0.40755,-1.057219,-0.065793
0.0,33.39649,-8.87267,-53.37924,-0.15757,-0.74471,-0.08187,-1.336722,-0.207301
0.0,44.34305,-4.50626,13.41466,-0.07066,-0.42293,-0.20248,-1.101521,-0.149565
0.0,-48.34397,-9.91084,-46.52428,0.04799,-1.24129,0.46891,-1.207882,0.036153
0.0,-16.29817,11.72275,29.72,0.0436,-0.58553,-0.42464,-0.940846,0.060204
0.0,-2.52718,-25.13221,-124.18839,-0.32017,-0.56795,0.15495,-1.011283,-0.49811
0.0,1.21328,6.86779,-0.95176,-0.05406,-0.20907,-0.85042,-0.240591,-0.061649
0.0,-15.44321,-2.09405,-1.3487,-0.0106,0.25675,0.11588,1.145261,-0.037614
0.0,0.14458,0.88305,-0.24947,0.01137,0.03996,-0.24496,0.16152,0.045787
0.0,4.63313,-2.82687,1.13985,-0.03941,0.18546,0.26823,0.599974,-0.120266
0.0,-22.95466,4.24183,25.32305,0.14125,0.15421,-0.45687,0.311953,0.284968
0.0,-42.81725,9.66168,199.17038,-0.18785,-1.61336,-1.88265,-0.706077,-0.075619
0.0,-3.27527,0.60824,18.7429,-0.18736,-0.87997,-0.27523,-1.209079,-0.200478
0.0,-2.48137,0.48611,6.10168,-0.1024,-0.65243,-0.24691,-1.181955,-0.145748
0.0,-0.48137,2.36397,20.80397,-0.16099,-0.87606,-0.16097,-1.31655,-0.178811
0.0,-1.84015,0.48611,-16.1426,-0.16197,-0.98446,-0.03304,-1.404435,-0.162974
0.0,25.93084,-0.87267,-27.91359,-0.02085,-0.56209,-0.04671,-1.480034,-0.036957
0.0,23.07588,-0.00244,-8.72275,-0.04087,-0.55331,-0.01009,-1.494852,-0.073726
0.0,55.45756,-37.80397,-201.13496,-0.20347,-0.20614,-0.57503,-0.325897,-0.321529
0.0,13.27435,0.56244,-2.1884,0.00209,0.00285,-0.69808,0.004078,0.003001
0.0,4.20565,-3.7429,-0.35634,-0.05748,0.1425,0.56266,0.246805,-0.098702
0.0,-27.22947,-49.92611,-0.2342,0.40151,0.21183,0.61588,0.280528,0.552447
0.0,-25.79435,-194.78107,4.75817,0.37856,0.00773,-0.24984,0.01704,0.987223
0.0,-14.43557,-205.9261,-9.4403,-0.71812,-0.67,-1.73226,-0.343159,-0.368939
0.0,-11.96229,-52.72,3.47573,-1.47105,-0.01717,-2.36703,-0.006162,-0.556049
0.0,-29.32107,170.11971,42.68183,-0.8065,0.51701,-2.19222,0.217822,-0.343844
0.0,6.54153,199.26474,18.80397,-0.4149,0.09318,-1.53109,0.058672,-0.264161
0.0,51.77817,160.51665,-4.12733,0.98354,0.47404,1.34684,0.276937,0.603194
0.0,-0.03863,-2.52153,-0.3258,0.02065,0.02238,0.04801,0.404547,0.3717
0.0,0.03771,-3.05588,0.30015,0.04409,0.00431,-0.264,0.016107,0.165448
0.0,39.96137,9.3716,8.6971,-0.00621,0.09171,-0.38167,0.235792,-0.015809
0.0,-5.06153,1.09679,-23.94412,0.0143,0.09025,-0.15121,0.536151,0.08104
0.0,-3.26,244.40977,-37.94412,-0.10582,0.20353,0.01383,1.08788,-0.478498
0.0,8.08351,137.02046,-13.3945,-0.49937,0.47501,1.21403,0.347197,-0.365814
0.0,46.89267,-102.94901,21.00244,-0.48326,0.30363,1.50602,0.189661,-0.304755
0.0,42.11404,-250.15511,-93.45557,0.30629,1.05021,0.80583,0.883466,0.227383
0.0,115.03008,-242.87267,-45.53191,-0.47886,0.57072,-1.26839,0.398437,-0.331577
0.0,131.22855,-136.46045,2.68183,-0.37095,0.69035,-1.52376,0.414672,-0.218217
0.0,4.48046,29.57008,-93.4403,-0.79234,0.36906,-1.52669,0.211357,-0.467209
0.0,107.01482,-1.57496,-80.21893,-0.77134,0.23966,-2.25033,0.100409,-0.328493
0.0,103.24382,16.3029,-55.1655,-0.63804,-0.05233,-1.85384,-0.026684,-0.331351
0.0,123.61023,-4.52153,-111.82198,-0.66734,0.04093,-1.68441,0.022589,-0.377113
0.0,105.94611,22.11969,-44.75328,-0.73082,0.02921,-1.70492,0.015748,-0.404906
0.0,194.05298,92.05863,-55.95939,-0.69664,0.30314,-1.26986,0.206316,-0.490165
0.0,146.09879,56.48611,-67.36397,-0.56529,-0.8492,-1.51839,-0.482767,-0.314167
0.0,88.6484,120.51665,-40.1426,0.07631,-1.02694,-1.06332,-0.766713,0.051578
0.0,-12.45084,-49.43756,-35.82199,-0.22007,-0.62362,-1.30843,-0.439371,-0.150682
0.0,-22.78672,-25.72763,2.92611,0.39614,-1.02889,-1.0975,-0.722672,0.257481
0.0,-43.87069,-152.10931,-160.63115,-0.06138,-0.30184,-0.55062,-0.498849,-0.097444
0.0,-161.90121,-246.15511,-217.4861,-0.56333,0.02677,-0.83041,0.026674,-0.595831
0.0,-168.93939,-210.39938,-185.27237,-2.04185,1.46769,-2.57357,0.420157,-0.603437
0.0,-16.72565,16.27237,-77.3029,-3.12193,2.25187,-1.70687,0.564254,-0.835171
0.0,56.35832,146.85252,83.68947,-2.73619,1.92716,-1.70736,0.538606,-0.815797
0.0,75.99191,231.63115,163.20091,-1.93589,1.45597,-1.59408,0.526026,-0.730986
0.0,61.90031,312.80673,257.06351,-1.13169,0.56291,-0.72347,0.396848,-0.889992
0.0,33.61023,69.52428,64.30016,0.9894,-1.22372,0.90202,-0.740496,0.576952
0.0,-54.13023,-397.25433,-222.61588,0.01967,-0.6036,-0.11556,-1.378976,0.032
0.0,-125.82488,-244.99481,-212.63115,-3.73619,3.26359,-4.06332,0.533952,-0.621971
0.0,174.74001,499.7533,343.91849,-2.15757,0.31925,0.84977,0.136815,-1.172545
0.0,-67.10732,-336.32306,-111.22656,0.22719,-0.29793,1.25944,-0.22873,0.173776
0.0,-8.22183,-180.62839,-65.80672,-2.03892,1.91056,-3.58041,0.434188,-0.465575
0.0,60.74,96.22657,159.61313,-0.34751,0.42082,-0.85335,0.428422,-0.350186
0.0,24.00718,5.3716,73.97955,-0.53257,0.24552,-1.41488,0.160999,-0.355142
0.0,26.66366,80.1197,58.6055,-0.03794,-0.41024,-1.30599,-0.30424,-0.027712
0.0,10.23618,70.89832,-66.06625,-0.04722,-0.54256,-0.79037,-0.600757,-0.049218
0.0,21.18275,-152.99481,-73.07389,0.04946,1.04728,-0.81771,0.906991,0.037206
0.0,30.93847,-143.88029,39.84214,-1.12632,-0.28084,-2.58431,-0.099295,-0.408863
0.0,35.18275,154.42505,-24.60061,-0.76158,-0.48446,-1.79916,-0.243066,-0.388017
0.0,135.83923,163.15787,-42.63115,-0.4271,0.35734,-0.94271,0.332456,-0.400723
0.0,41.50336,-15.49863,-7.68458,-0.27232,0.25333,-0.20443,0.639638,-0.696629
0.0,-9.82489,-5.04061,0.92611,0.62612,0.19962,-0.31478,0.277505,1.033824
0.0,3.27435,47.69221,4.7429,-0.31529,-0.77694,-0.44857,-0.956252,-0.337957
0.0,-26.69511,92.18076,-10.00519,-1.60728,-0.38973,-1.07015,-0.199158,-0.954326
0.0,-0.13023,-1.6513,0.42229,0.01723,-0.04989,0.13688,-0.346979,0.11773
0.0,-0.08443,-0.72,-0.09679,0.03383,-0.0118,-0.05453,-0.181881,0.545146
0.0,-0.03863,-0.13985,0.04061,0.00698,-0.00448,-0.07113,-0.062568,0.097594
0.0,0.26672,-0.07878,-0.03573,0.0143,-0.00204,-0.06722,-0.029618,0.209536
0.0,0.00718,-0.8574,-0.1426,0.01772,-0.00985,0.03971,-0.222721,0.408701
0.0,-0.38977,-0.55206,0.02534,0.01333,-0.00838,-0.01595,-0.383391,0.636698
0.0,0.22092,-0.24672,-0.43267,0.00502,-0.00741,-0.03744,-0.193645,0.130907
0.0,-0.29817,0.91359,1.10931,0.00844,-0.01424,-0.14144,-0.100185,0.059319
0.0,44.74,-1.13221,14.6971,0.05239,-0.00985,-0.12972,-0.070281,0.382822
0.0,49.47282,31.3716,33.24672,0.31069,-0.20516,-0.97494,-0.197877,0.302289
0.0,33.19802,130.83725,-42.60061,-0.03355,-0.31112,0.67545,-0.431171,-0.045084
0.0,1.90031,125.82962,-94.06625,-0.86509,-0.30184,1.22526,-0.198591,-0.600964
0.0,57.77817,367.72275,-41.60825,-1.77769,0.78507,2.0485,0.28175,-0.681008
0.0,57.79343,111.60062,-132.86015,-1.67759,0.78214,1.89665,0.299593,-0.685444
0.0,2.49573,-210.73526,109.68947,-2.04429,0.4091,1.57389,0.157257,-0.898818
0.0,49.32015,-311.11694,51.06351,-1.63609,0.74308,1.60368,0.313645,-0.746816
0.0,37.28962,-273.20856,165.47572,-0.70982,0.27628,0.2404,0.353203,-1.094474
0.0,11.70183,-64.10931,68.51389,-0.1566,0.26212,0.06706,0.994504,-0.524668
0.0,9.51863,18.54717,-14.64641,0.9103,-0.11483,-0.08333,-0.124965,1.416177
0.0,-12.05389,-94.18565,12.94137,0.15786,-0.31844,-0.16878,-0.943018,0.412825
0.0,8.19038,-54.8116,-123.02809,-0.0189,0.96476,3.05192,0.30617,-0.005905
0.0,-20.11496,8.04336,-9.13496,-0.02281,-0.05526,-0.70052,-0.078678,-0.032446
0.0,-46.74092,-9.95664,-24.67695,0.01137,0.15421,1.42692,0.107653,0.007923
0.0,-45.71802,1.4174,-12.08153,-0.04576,0.1298,0.0236,1.19319,-0.333851
0.0,-34.16076,-1.84977,-42.1426,-0.21861,-0.07137,0.79459,-0.086389,-0.267451
0.0,10.55679,8.01282,-69.97466,-0.05455,-0.1036,-0.47298,-0.214251,-0.112179
0.0,4.34305,7.60061,-67.27236,0.03042,0.49357,-0.11703,1.330549,0.059889
0.0,2.80107,-0.50626,-17.15023,-0.15416,0.82414,0.14323,1.320811,-0.182244
0.0,-3.33634,-0.72,4.7429,-0.09458,0.71574,-0.02083,1.436295,-0.131334
0.0,-4.69511,-1.36122,22.48336,-0.05699,0.7338,0.09,1.42663,-0.07693
0.0,3.21328,-0.24672,28.7429,-0.07017,0.70695,-0.22005,1.255014,-0.094491
0.0,4.89267,-4.59786,112.31542,-0.32164,0.58878,-0.74447,0.627976,-0.32672
0.0,29.51863,0.18076,3.00244,-0.08531,-0.00252,0.19889,-0.011664,-0.405153
0.0,38.70947,-0.82687,6.88031,0.04799,-0.27792,-0.00521,-1.398808,0.170974
0.0,15.30489,-4.41466,2.33069,0.11586,-0.35018,-0.37044,-0.734029,0.223495
0.0,0.40412,-1.54443,-0.95176,-0.01548,-0.3575,0.22672,-1.004568,-0.036558
0.0,-13.91649,0.65405,-1.65405,0.10756,-0.02206,-0.26595,-0.07673,0.383144
0.0,1.25908,-4.90321,-26.03572,0.13247,-0.09286,0.02067,-0.605745,0.947999
0.0,18.05298,-20.56733,-117.77618,-0.29136,0.57707,0.31461,0.931739,-0.417269
0.0,-19.97756,-3.55969,-18.86015,-0.07261,0.57462,-0.49837,0.851139,-0.095174
0.0,-52.89359,-1.22382,-14.63114,0.07631,0.78214,-0.36117,1.12983,0.088351
0.0,-33.67221,-0.38412,3.91847,-0.05943,0.80705,0.47819,1.03253,-0.063267
0.0,-28.74092,-14.03298,119.72,-0.37388,0.64835,0.77799,0.644226,-0.353658
0.0,17.19802,-4.04824,2.48336,-0.06187,-0.23592,0.54997,-0.402961,-0.103021
0.0,33.88504,0.53191,6.49863,-0.02183,-0.24178,-0.21615,-0.838797,-0.067213
0.0,29.77817,-1.77344,4.89557,0.04409,-0.19198,-0.21273,-0.72372,0.152659
0.0,24.60259,-1.22382,2.23908,0.0602,-0.24374,-0.5389,-0.422426,0.101434
0.0,29.94611,-11.45282,-106.43267,0.12807,-0.04891,-0.57308,-0.083101,0.219095
0.0,-15.15313,-9.49863,-30.49374,-0.30357,1.0966,0.03581,1.298949,-0.269928
0.0,-29.39741,-0.44519,-7.68458,-0.12876,0.81828,0.0319,1.410077,-0.155964
0.0,-44.25237,0.37924,10.25435,-0.08091,0.73087,0.22379,1.256023,-0.105463
0.0,-46.45084,-10.59786,145.21619,-0.42369,0.35978,0.10026,0.6906,-0.848285
0.0,4.84687,3.08153,1.93374,-0.02037,-0.21883,-0.21908,-0.782689,-0.065677
0.0,20.02244,-4.79634,4.22382,-0.0233,-0.21786,0.54801,-0.378073,-0.039482
0.0,43.57969,2.1655,6.33069,0.10708,-0.25545,-0.45492,-0.500231,0.202419
0.0,18.55679,4.57771,2.14748,0.0392,-0.21493,-0.56136,-0.364838,0.065128
0.0,37.7629,-18.7658,-110.00519,0.17397,0.15714,-0.32259,0.405046,0.451432
0.0,8.98427,-5.16275,-1.10443,0.00942,0.67814,0.07145,1.46492,0.013812
0.0,-32.05389,7.06626,17.96428,0.06801,0.92619,-0.74886,0.888858,0.057041
0.0,-46.3287,-3.17802,23.68947,-0.15269,0.74015,0.34489,1.099504,-0.184857
0.0,-44.13023,4.1655,179.38412,-0.41099,0.20207,-0.07162,0.451054,-1.090003
0.0,5.13695,-8.33832,2.05588,-0.06236,-0.0577,1.00163,-0.057432,-0.062074
0.0,44.23618,-1.33069,8.30015,0.14956,-0.29793,-0.05746,-1.077411,0.457946
0.0,39.22855,-1.72763,5.18565,-0.0355,-0.22372,-0.15316,-0.958215,-0.130208
0.0,15.86977,-2.96427,2.14748,0.03627,0.06095,-0.27767,0.21432,0.126914
0.0,23.30489,-27.08641,-107.3487,-0.04917,-0.26961,-0.31869,-0.696382,-0.117262
0.0,-28.86305,5.03573,-6.66168,0.05043,0.60392,-0.19613,1.247256,0.079262
0.0,-67.32107,7.15786,4.52916,0.00014,0.84464,-0.59652,0.955897,0.000137
0.0,-67.22946,4.74565,133.67419,-0.4857,0.64933,-0.06917,0.923755,-0.639514
0.0,-4.60351,-4.8116,-0.3258,-0.13121,0.17619,1.1359,0.15288,-0.113651
0.0,40.74,-0.39939,7.33832,0.01235,-0.41073,0.16813,-1.181315,0.027817
0.0,38.09878,-3.55969,5.32305,0.09047,-0.29696,-0.00179,-1.275008,0.295729
0.0,22.8774,4.37924,2.39176,0.07875,-0.08993,-0.62191,-0.14248,0.124681
0.0,34.86214,-10.73527,-85.66931,-0.11119,-0.2452,-0.63314,-0.364404,-0.162319
0.0,14.63313,-9.01008,-44.47847,-0.30552,1.19816,-0.39486,1.175988,-0.237606
0.0,-47.51954,-7.13221,-19.56244,-0.10826,0.83683,-0.06673,1.419981,-0.128248
0.0,-46.16076,0.40977,3.84214,0.08413,0.54191,0.0944,1.341565,0.151761
0.0,-43.1684,-2.04824,179.64366,-0.37535,0.15226,0.51286,0.235146,-0.611804
0.0,5.7171,2.77618,0.98718,-0.02378,-0.06649,-0.03548,-0.999735,-0.305694
0.0,-2.84779,-1.39176,0.22382,0.05483,-0.1993,-0.09994,-1.051263,0.241136
0.0,-0.00809,-1.77344,-0.53954,0.00698,0.00431,0.12956,0.033219,0.053776
0.0,-0.93939,0.3029,1.97954,0.00161,-0.28573,0.11295,-1.194295,0.005229
0.0,7.7629,-4.56733,6.6971,-0.0023,-0.07674,-0.06576,-0.862041,-0.022752
0.0,8.35832,-3.57496,0.31542,0.05629,-0.11678,0.6652,-0.173182,0.08316
0.0,12.75527,4.19603,-1.97466,-0.00816,0.00724,-0.2513,0.028791,-0.032442
0.0,20.98427,-11.07115,-12.00519,0.04897,0.09318,0.12956,0.592211,0.297738
0.0,-0.2371,25.1426,14.95664,0.64614,0.37101,-0.09457,0.516667,1.035868
0.0,-9.41267,297.03574,-19.54717,-0.14976,-0.23202,0.66667,-0.327347,-0.20906
0.0,82.14458,499.7533,-171.6235,-1.3939,0.81828,2.23942,0.300799,-0.529043
0.0,32.46519,205.79909,-41.77618,-1.46177,0.72746,0.96256,0.393911,-0.880764
0.0,33.7171,209.28,-74.18839,-2.94566,1.21476,0.90202,0.375597,-1.096289
0.0,0.67893,36.36397,32.91084,-3.15806,0.68058,1.0612,0.201509,-1.190983
0.0,3.82397,-152.39938,78.23908,-3.28892,0.84074,1.34782,0.232267,-1.120844
0.0,91.21329,-372.58258,190.08641,-2.848,1.07316,1.82194,0.307358,-0.932144
0.0,218.74001,-485.0864,244.40703,-1.57603,0.80558,-0.21859,0.468674,-1.083728
0.0,128.95374,-50.38412,-52.73802,0.03579,-0.13924,-1.96664,-0.070673,0.018149
0.0,-19.1684,90.50138,-57.48611,-0.00376,0.1049,-2.32699,0.045048,-0.001616
0.0,-147.84015,193.44794,-105.97466,0.04165,-0.02694,-0.90951,-0.029579,0.045737
0.0,-149.3974,468.6235,-157.42503,-1.52574,0.51652,1.19596,0.260389,-0.864078
0.0,107.90031,188.2571,-428.78381,-5.18833,0.83439,1.53971,0.15297,-1.245266
0.0,13.93084,-84.7658,140.86504,-3.60386,0.50773,0.79313,0.136734,-1.315202
0.0,73.79344,-222.04825,194.71237,-3.26207,1.12931,1.35124,0.309559,-1.075781
0.0,288.93848,-500.78107,431.87268,-2.79185,0.87785,0.3903,0.301886,-1.239379
0.0,45.99191,78.82199,15.42992,0.87368,-1.59237,-2.76009,-0.502865,0.267605
0.0,-124.35923,73.0052,55.61313,-0.06675,-0.12264,-1.82113,-0.067197,-0.036556
0.0,-121.29053,53.75328,60.92611,-0.38511,0.55412,-0.15121,0.929441,-0.590643
0.0,-100.11496,65.44794,143.70474,-0.24009,0.08927,0.08659,0.336473,-1.09286
0.0,-53.79435,22.94412,123.39939,0.27016,-0.09774,0.34879,-0.218017,0.640826
0.0,-7.48901,39.92122,25.90321,0.60561,-0.08944,-0.28939,-0.132471,1.10703
0.0,17.50336,71.47848,-44.2342,0.39174,-0.81698,-0.5057,-0.906516,0.38714
0.0,-15.03099,153.84489,-111.1655,-0.19175,-0.16561,-1.64583,-0.099617,-0.115407
0.0,-19.45847,2.3945,-2.96702,0.00063,0.09757,-0.22738,0.405357,0.002546
0.0,-50.84779,-0.64366,-7.47084,-0.02574,0.22697,0.06803,1.260661,-0.108197
0.0,25.10641,5.1884,8.49863,0.07485,0.13078,-0.25082,0.463353,0.258683
0.0,10.57206,10.54718,43.6284,-0.0858,-0.29208,-0.60677,-0.444767,-0.126722
0.0,48.49572,301.4632,-28.1426,0.18471,-0.34188,0.9611,-0.336073,0.179132
0.0,117.38123,241.37161,-31.48611,-0.64634,0.71183,-0.28207,0.790071,-0.701084
0.0,79.56443,285.00519,-58.00519,-1.79332,0.87003,1.53678,0.352964,-0.79308
0.0,51.09114,346.27237,8.04061,-2.93833,0.58488,1.57292,0.17372,-1.051884
0.0,8.96901,114.66932,-58.41741,-3.62828,0.92082,0.35368,0.247416,-1.305347
0.0,10.05298,-69.86504,21.27725,-3.68492,0.84611,0.42399,0.224272,-1.3194
0.0,5.18275,-271.39175,57.17038,-3.43931,1.00041,1.07389,0.270832,-1.167458
0.0,75.97665,-500.78107,198.57497,-2.85533,1.19816,1.65153,0.348419,-0.950348
0.0,97.22855,-500.78107,247.42993,-1.62388,0.99748,0.64274,0.518931,-0.939741
0.0,119.74763,-89.7887,12.97191,-0.13023,-0.74178,-1.60189,-0.432413,-0.073638
0.0,41.57969,17.02046,6.02534,-0.28794,-0.48446,-2.28402,-0.207415,-0.122706
0.0,-53.44321,222.31818,-85.47084,-0.0858,-0.32381,-1.49447,-0.213036,-0.056048
0.0,-23.01573,450.33344,-190.32581,-0.89976,0.663,0.06706,0.63372,-0.933322
0.0,101.10641,499.7533,-296.57007,-2.02232,0.7465,1.41081,0.29397,-0.90264
0.0,71.15221,199.4174,-231.22656,-4.01109,0.9423,0.45573,0.229316,-1.315533
0.0,0.23618,-112.13985,50.26962,-4.20933,0.83048,0.41618,0.193872,-1.353595
0.0,22.54153,-396.61313,153.65894,-4.07164,1.49503,1.79997,0.323996,-1.049205
0.0,80.6026,-500.78107,315.13986,-2.36265,0.86857,0.86833,0.332266,-1.091413
0.0,77.12168,-378.88794,301.29251,-1.33628,-0.29745,-0.98666,-0.177191,-0.913877
0.0,79.38123,-2.42992,3.49099,-0.47447,-0.39803,-2.05794,-0.186283,-0.222608
0.0,25.15221,251.35634,-97.83725,0.25649,-0.32137,-1.40609,-0.221169,0.175988
0.0,37.04534,359.31055,-151.56244,-0.45054,0.309,-0.21224,0.555315,-0.876822
0.0,73.21329,386.60825,-289.5777,-1.22056,0.52628,1.17692,0.300962,-0.758045
0.0,38.98428,145.12733,-205.92885,-2.76109,0.52482,0.88395,0.179087,-1.214377
0.0,28.49573,-104.75053,-14.78382,-3.43296,0.84904,1.13639,0.230613,-1.178953
0.0,74.17512,-225.59023,12.10168,-3.73179,1.2338,1.42252,0.299634,-1.10348
0.0,47.01481,-311.8345,124.6971,-2.53697,1.12541,0.72233,0.403264,-1.085693
0.0,-28.29817,-405.14749,302.77344,-0.95494,0.3256,0.19645,0.322325,-1.191826
0.0,-11.12259,28.16549,158.13222,0.13344,-0.65438,-0.52914,-0.87571,0.157259
0.0,10.87741,-35.31542,-3.31817,0.34829,-0.76913,-0.63705,-0.814209,0.335554
0.0,-8.26763,8.69985,-12.43267,-0.31236,-0.29061,-0.38607,-0.529461,-0.573845
0.0,14.46519,11.78382,-107.57771,0.18178,-0.13485,-1.10189,-0.120166,0.162311
0.0,-7.47374,-3.92611,-20.66168,0.03823,-0.30868,0.43961,-0.6104,0.071046
0.0,3.65603,-15.8345,-98.92122,-0.00621,-0.05917,-0.47738,-0.123298,-0.012901
0.0,-6.57298,-14.41466,-38.89069,0.02846,0.42033,0.28483,0.972928,0.055997
0.0,-15.39741,-1.31542,-21.10443,-0.13365,1.00919,-0.29281,1.262061,-0.126506
0.0,-15.3058,-1.01008,2.86504,-0.15757,1.13029,-0.27376,1.298285,-0.134672
0.0,-16.22183,4.80672,31.78107,0.07924,0.66984,-0.18197,1.282737,0.113672
0.0,-24.51191,7.24947,64.01008,-0.30845,0.69328,-0.285,1.026153,-0.390386
0.0,-0.54244,6.36397,0.7887,0.38442,-0.55086,-1.05355,-0.456574,0.312736
0.0,-3.84015,0.13496,-0.08153,0.00991,-0.39657,-0.08675,-1.354073,0.024401
0.0,-3.82489,-1.97191,-0.70748,0.006,-0.36043,0.08708,-1.333213,0.016182
0.0,-4.86305,-3.17802,-4.82962,0.08461,0.13957,0.0275,1.003261,0.536608
0.0,39.77817,-3.37649,-223.18076,1.17055,2.06876,1.6652,0.793514,0.415153
0.0,1.50336,-0.64366,36.95664,0.01137,1.02677,-0.48861,1.126535,0.010001
0.0,2.48046,0.28763,7.65893,-0.05796,0.60978,-0.0516,1.444215,-0.094437
0.0,1.18275,3.64641,43.84214,-0.02378,0.50578,0.05631,1.450516,-0.046702
0.0,-27.77909,-0.78107,160.40703,-0.52183,0.52482,-0.18636,0.758256,-0.752877
0.0,2.81634,-7.8345,1.8116,-0.01792,-0.25252,0.8234,-0.297511,-0.020809
0.0,-1.01573,1.05099,0.46809,0.00112,-0.23202,0.06315,-1.305017,0.00465
0.0,-6.95466,-0.23145,-1.10443,0.01137,-0.14461,0.00211,-1.490981,0.078468
0.0,0.37359,-0.84214,-3.82198,0.01186,0.08097,-0.37533,0.212377,0.03088
0.0,19.36595,-5.17802,-125.33344,-0.30552,0.21916,0.29801,0.47438,-0.690345
0.0,-12.64931,-2.33832,-49.62351,-0.19029,1.16691,0.02604,1.407669,-0.161608
0.0,-7.36687,0.54718,10.16275,-0.03697,0.91935,-0.08089,1.474354,-0.040035
0.0,-10.48137,-0.38412,35.78107,-0.10289,0.66251,0.06999,1.385141,-0.153226
0.0,-13.59588,0.45557,107.35359,-0.44029,0.53166,-0.34164,0.761864,-0.60851
0.0,5.09115,-1.75817,3.59786,0.08803,-0.22616,-0.24154,-0.721494,0.260024
0.0,-2.1455,-2.00244,0.10168,-0.03013,-0.26083,-0.03011,-1.408902,-0.114263
0.0,11.28962,-2.09405,1.30779,-0.05357,-0.36532,-0.11361,-1.239635,-0.139119
0.0,-1.88595,1.35634,-0.49374,-0.02037,0.03117,-0.18001,0.170371,-0.111019
0.0,3.73237,1.46321,-52.78382,0.05434,-0.12069,-0.06087,-0.976277,0.382241
0.0,20.38885,4.40977,-145.65404,-0.36167,2.03703,-0.09164,1.389644,-0.175545
0.0,0.63313,-0.87267,-15.28763,-0.04332,0.6381,0.11442,1.381365,-0.066717
0.0,-1.50427,-0.64366,10.89557,-0.04966,0.56193,-0.04525,1.451799,-0.087868
0.0,-0.77145,1.58534,3.26198,-0.03355,0.45646,-0.21029,1.13429,-0.066658
0.0,-2.46611,0.60824,2.62076,-0.07652,0.53068,-0.01058,1.42625,-0.143175
0.0,6.6026,-1.45282,11.46046,-0.04332,0.57072,0.1193,1.351968,-0.074154
0.0,-1.03099,-0.09405,32.37649,-0.05162,0.61076,0.22477,1.209749,-0.079146
0.0,-21.84015,1.15786,27.8116,-0.07701,0.25578,0.19938,0.874704,-0.233134
0.0,-5.50427,16.42504,-3.85252,0.10122,0.26505,-2.14486,0.122818,0.0468
0.0,6.09878,0.62351,0.89557,-0.02281,-0.14657,0.08952,-1.008419,-0.132029
0.0,-1.13786,-0.41466,-0.17313,-0.00328,-0.01913,-0.04867,-0.373686,-0.062575
0.0,8.8316,-81.25435,4.19328,0.58901,0.19132,0.21549,0.296081,1.115789
0.0,14.80107,-52.7658,9.8116,0.59584,0.20988,-0.22152,0.31889,1.097486
0.0,22.54153,-122.8574,-42.70748,-0.23912,0.34367,-0.493,0.560186,-0.378684
0.0,41.96137,-13.71237,-15.15023,-0.7606,-0.39706,-1.53841,-0.227362,-0.446478
0.0,10.63313,-27.01008,-2.31053,-0.25181,-0.22469,-1.4808,-0.148489,-0.166569
0.0,-0.77145,58.74565,40.22382,0.07827,-0.27938,-1.08431,-0.251545,0.069785
0.0,6.34305,30.07389,29.44519,-0.18833,-0.28231,-1.64339,-0.169039,-0.11247
0.0,-3.10733,-25.48336,0.6055,-0.10435,-0.25399,-2.2308,-0.113245,-0.046444
0.0,3.24382,-37.8345,19.35359,-0.38072,0.03263,-1.14095,0.027123,-0.321944
0.0,25.70183,113.40214,-81.53191,0.02749,-0.16073,-0.93441,-0.170271,0.028981
0.0,34.28198,235.64641,-55.63878,0.16225,-0.15731,-0.36947,-0.371716,0.383992
0.0,63.09114,324.73038,-87.92886,-0.72935,0.49259,0.71793,0.448594,-0.6973
0.0,87.65604,462.1655,-186.32581,-1.25572,0.83878,1.44889,0.412392,-0.643536
0.0,27.79343,280.68457,-212.02046,-3.08531,0.81779,1.55192,0.232508,-1.05381
0.0,12.22092,-65.01007,42.91084,-3.60826,0.83097,1.25114,0.214249,-1.176357
0.0,26.38885,-159.34595,49.18565,-3.46031,0.95353,1.40543,0.249968,-1.114524
0.0,63.59496,-407.31543,140.08641,-2.65806,1.19718,1.96452,0.347508,-0.857371
0.0,93.6255,-500.78107,220.8345,-1.53697,0.75333,0.72233,0.417516,-0.974268
0.0,98.22092,-286.79633,193.10931,-1.07701,-0.71493,-2.24154,-0.279934,-0.429286
0.0,49.73236,-10.8116,-17.18076,-0.96031,-0.34432,-2.42806,-0.131113,-0.373232
0.0,-12.51191,262.33344,-117.56244,-0.01304,-0.54598,-1.73177,-0.305401,-0.007182
0.0,-24.08443,421.03574,-205.24184,-0.72251,0.50773,-0.19808,0.595614,-0.924542
0.0,14.03771,497.67694,-288.87543,-2.04478,0.86955,1.11393,0.357397,-0.966073
0.0,4.46519,179.82962,-252.09679,-3.76011,0.94523,1.5026,0.229328,-1.129709
0.0,25.44229,-117.30015,14.33069,-4.05455,0.57267,1.2067,0.134555,-1.252561
0.0,71.19802,-307.84976,148.16275,-3.25376,1.25529,2.32731,0.304059,-0.888373
0.0,162.61786,-500.78107,233.46046,-2.34507,0.94914,1.43327,0.33252,-0.938235
0.0,125.70184,-473.49863,299.32306,-1.96861,0.12003,-1.31429,0.050668,-0.980211
0.0,88.15985,4.13496,4.6513,-0.31236,-0.34286,-1.64876,-0.201539,-0.183398
0.0,83.51863,176.73039,-35.91359,-0.15855,-0.67098,-1.86996,-0.343375,-0.079637
0.0,47.07588,343.90594,-151.82198,0.2145,-0.09334,-0.51937,-0.164614,0.386082
0.0,58.86214,498.50137,-268.9823,-0.64488,0.54728,0.89665,0.460054,-0.550573
0.0,3.77817,292.1655,-255.0739,-2.46031,0.94425,1.13297,0.335434,-1.03077
0.0,47.68657,-90.35358,-102.18839,-3.52427,0.86271,1.75016,0.21583,-1.06515
0.0,110.6942,-279.94138,52.48336,-3.27281,1.25138,2.24674,0.305368,-0.904781
0.0,221.7171,-499.91083,216.28488,-2.73375,1.28019,1.59391,0.384423,-0.928688
0.0,178.15985,-430.47571,161.67419,-1.10191,0.97794,-0.014,0.725826,-0.84488
0.0,122.38885,-83.57496,49.7658,-0.33873,-0.20418,-1.53109,-0.129482,-0.215873
0.0,75.85451,71.09679,-7.02809,-0.30943,-0.46395,-2.15023,-0.210407,-0.139751
0.0,31.13695,293.52429,-116.66167,-0.12486,-0.3702,-1.70687,-0.213028,-0.071367
0.0,6.57206,453.55481,-197.15022,-0.21714,0.43839,-0.16244,1.016834,-0.434813
0.0,27.9003,343.24948,-296.67694,-1.48179,1.20207,1.39616,0.533352,-0.677357
0.0,20.51099,172.57771,-243.69984,-3.07603,1.13859,1.49479,0.32138,-1.022426
0.0,20.7858,-264.88794,73.06351,-3.17759,0.90275,1.56266,0.249621,-1.054285
0.0,111.80871,-500.78107,170.84978,-3.12144,1.69865,2.37125,0.408906,-0.81926
0.0,140.84688,-500.78107,204.5139,-1.49009,0.98771,0.89958,0.51615,-0.839882
0.0,88.63313,-91.52916,48.01007,-0.76695,0.05607,-1.37142,0.035668,-0.509551
0.0,88.15985,29.09679,-44.72275,-0.8021,-0.27547,-2.06478,-0.123726,-0.367559
0.0,32.11405,272.13498,-91.59297,-0.35289,-0.38338,-1.96761,-0.189486,-0.174251
0.0,14.96901,399.95175,-127.98991,-0.01988,0.11955,-0.55111,0.213475,-0.035235
0.0,35.10641,492.95938,-307.33344,-0.65513,0.85685,1.39372,0.507737,-0.380883
0.0,1.99191,232.68459,-264.34106,-3.20201,1.04386,0.43473,0.312457,-1.231323
0.0,47.04534,-119.84977,-14.76855,-3.78599,0.7675,1.17497,0.191244,-1.215811
0.0,132.06825,-500.78107,80.5597,-3.52867,1.47257,2.58268,0.324826,-0.870657
0.0,123.25909,-500.78107,206.77344,-1.94175,1.13957,1.07145,0.474657,-0.892684
0.0,103.45756,-144.94901,118.25436,-1.08677,0.01505,-1.71566,0.007412,-0.56463
0.0,87.64077,-50.88794,0.37649,-1.04234,-0.2286,-1.97152,-0.102149,-0.483588
0.0,52.46519,132.18077,-57.51664,-0.77623,-0.50301,-2.19662,-0.212646,-0.331729
0.0,16.67893,359.35635,-145.10443,-0.12193,-0.21004,-0.99007,-0.207528,-0.119892
0.0,39.61023,486.3945,-178.52428,-0.11314,0.39689,0.76579,0.473765,-0.130428
0.0,56.06824,332.57773,-270.05099,-2.1649,0.90812,1.02506,0.362381,-1.006766
0.0,40.52626,17.89069,-133.83725,-3.32212,1.04923,1.52848,0.279414,-1.061784
0.0,72.23618,-418.93375,76.86504,-3.28013,1.23478,2.46647,0.292258,-0.871604
0.0,84.63313,-500.78107,273.88794,-2.05796,0.74406,1.34977,0.293589,-0.927982
0.0,81.83924,-289.45282,171.44519,-1.24253,0.27921,-1.00326,0.173087,-0.873243
0.0,99.73237,-66.94901,13.65893,-0.68785,-0.16805,-1.40072,-0.107278,-0.453655
0.0,69.28962,86.08916,-55.1655,-0.02281,-0.84383,-1.72689,-0.454487,-0.011866
0.0,50.46519,320.44031,-154.47847,-0.1981,-0.38094,-0.91976,-0.384715,-0.196425
0.0,92.31252,461.24948,-171.08916,-0.40318,0.44572,0.51872,0.596107,-0.532679
0.0,67.7171,351.06625,-291.05862,-2.22203,1.14347,1.07584,0.433755,-0.955673
0.0,69.51863,164.08916,-187.0739,-3.51109,0.96232,0.81999,0.260818,-1.225165
0.0,48.17511,49.17313,-40.1426,-4.14097,0.72404,0.13102,0.173013,-1.394945
0.0,17.6255,-67.34595,36.20855,-4.36802,0.79435,-0.1141,0.17983,-1.3891
0.0,-36.40504,-196.76579,198.43756,-3.26548,1.21134,0.86442,0.344317,-1.143196
0.0,-28.08443,-500.78107,340.8345,-1.76353,1.20939,0.75944,0.562085,-0.890123
0.0,-25.00046,-418.62839,160.88031,-1.03453,0.52775,-0.37289,0.447449,-1.012467
0.0,-21.36687,-105.48335,194.8345,0.12954,-0.14315,-1.20492,-0.117579,0.106353
0.0,6.75527,38.28763,119.18565,0.45327,-0.40389,-0.92611,-0.373345,0.421709
0.0,-3.22947,80.59298,-64.47847,0.45131,0.29191,0.06901,0.568865,0.984207
0.0,-26.42031,47.57008,18.6971,0.43911,-0.50838,-0.38558,-0.715974,0.602752
0.0,-26.25237,5.67695,-20.24947,-0.13511,0.22892,-0.10628,0.926694,-0.49151
0.0,-30.46611,-8.27725,-12.63114,-0.15464,0.13322,0.47379,0.261189,-0.304442
0.0,-4.54244,-5.48336,-3.37924,-0.27134,-0.18075,-0.24203,-0.46133,-0.731863
0.0,-19.96229,10.07389,-4.53954,-0.04625,-0.41415,0.04069,-1.423146,-0.110675
0.0,20.31252,-10.49099,-145.18076,-0.15123,0.06095,-0.52279,0.111534,-0.279785
0.0,1.21328,-5.88031,-26.73801,-0.0023,0.79093,-0.14535,1.389036,-0.00286
0.0,-21.97756,1.11206,6.94137,-0.06089,1.01212,-0.43978,1.157415,-0.055124
0.0,-10.58824,2.3945,19.79634,-0.09849,0.71427,-0.18978,1.279938,-0.132486
0.0,13.6713,53.14259,-56.90596,-2.61265,2.68839,-1.92464,0.691859,-0.668737
0.0,1.22855,1.49374,0.13221,0.0187,-0.12606,-0.0848,-0.967591,0.122445
0.0,-11.87069,0.3487,-3.83725,-0.00669,-0.22713,0.10026,-1.154288,-0.026957
0.0,6.67893,-11.11695,-169.40977,-0.21226,0.37931,0.18131,0.936342,-0.467544
0.0,0.44992,1.49374,-1.33344,-0.06626,0.6508,-0.28597,1.14706,-0.09295
0.0,2.51099,1.31053,17.33832,-0.13658,0.8549,-0.30306,1.199951,-0.149454
0.0,-24.78672,6.2113,199.79634,-0.15757,-0.24569,-0.1141,-0.901056,-0.526847
0.0,-0.29817,-1.68183,-1.19603,0.01528,-0.04012,0.02165,-0.987182,0.323372
0.0,18.51099,-0.6284,-138.72275,-0.11509,-0.18075,-0.19369,-0.676108,-0.409839
0.0,-8.54244,-4.01771,-38.82962,-0.07164,1.48917,0.03483,1.517359,-0.048054
0.0,-2.58824,2.40977,20.39176,-0.01255,0.90226,-0.42318,1.132069,-0.012596
0.0,-9.59588,-0.27725,158.48337,-0.41685,-0.10458,-0.1805,-0.226271,-1.106798
0.0,1.07588,-4.65893,0.07115,0.00161,0.00871,0.54508,0.015971,0.002947
0.0,-0.1913,3.20366,0.6055,0.02309,0.00773,0.11784,0.064282,0.193099
0.0,-4.57298,2.10443,-2.12733,-0.24595,-0.23983,0.84782,-0.265274,-0.272217
0.0,8.17511,-15.36122,16.80397,-0.00767,-0.52108,0.16276,-1.267733,-0.014051
0.0,-13.94702,127.47848,32.02534,0.05629,-0.40243,0.09928,-1.294445,0.134988
0.0,89.94611,389.95175,-75.62351,-0.34263,0.07707,1.74967,0.043198,-0.193196
0.0,90.63313,461.32581,-63.97466,-1.48765,0.29582,0.97526,0.16479,-0.970166
0.0,29.8087,24.37924,-120.79908,-3.08042,1.33976,0.89518,0.395628,-1.088856
0.0,55.57969,-154.41466,54.05588,-3.52671,0.9091,1.56168,0.231475,-1.097294
0.0,101.59496,-361.19327,109.50626,-2.55455,1.10197,1.9987,0.327508,-0.841614
0.0,157.32016,-445.28488,211.32306,-2.17271,0.82511,-0.29134,0.359991,-1.18793
0.0,105.21329,-254.44519,139.85741,-0.88755,0.20646,-1.31527,0.12939,-0.587988
0.0,51.86977,-134.70473,53.97954,-0.23814,-0.57333,-1.97054,-0.281193,-0.115522
0.0,-25.44321,147.24947,-59.10443,-0.35484,-0.066,-1.5975,-0.04031,-0.218393
0.0,-23.93176,404.47086,-149.44031,-0.16001,0.20304,-0.12484,0.78562,-0.591233
0.0,80.51099,499.7533,-271.59299,-1.38267,0.51701,1.62321,0.237877,-0.681797
0.0,29.61023,218.34871,-226.92122,-3.79234,0.92082,1.26676,0.226354,-1.17917
0.0,15.32015,-79.22382,31.68947,-3.68931,0.52189,0.86344,0.136877,-1.303854
0.0,72.87741,-356.10931,159.53679,-3.42564,0.96378,1.57536,0.250253,-1.076354
0.0,107.30489,-500.78107,293.0177,-2.01841,0.74406,1.32145,0.29916,-0.926434
0.0,28.89267,-193.42229,298.68182,-0.40269,-1.03475,-1.80794,-0.509457,-0.190956
0.0,35.7629,29.15786,14.92611,-0.7357,-0.43709,-2.57113,-0.162009,-0.274947
0.0,-8.89359,275.21893,-50.72275,-0.39341,-0.33749,-1.30257,-0.24312,-0.284446
0.0,59.56443,499.7533,-172.47847,-1.34361,0.92716,0.67399,0.552682,-0.864497
0.0,144.96901,499.7533,-322.93649,-2.16441,0.47404,1.13834,0.191466,-1.052941
0.0,23.8087,-63.71237,4.91084,-3.90074,0.70109,0.74723,0.174723,-1.313922
0.0,18.6942,-211.84976,34.28489,-3.42466,1.0214,1.6652,0.262054,-1.052411
0.0,4.61786,-500.78107,233.96428,-1.95933,0.71281,1.13542,0.304951,-0.970737
0.0,-24.49664,-413.45282,190.48337,-1.21958,0.4672,-0.61312,0.329768,-1.007143
0.0,-19.61115,-97.40702,116.63603,0.01088,-0.26522,-0.74837,-0.340551,0.013707
0.0,6.6026,-9.88031,-20.58534,-0.95054,-0.72811,-1.87191,-0.333834,-0.442022
0.0,0.7858,84.34871,-98.84489,1.51918,-0.38485,0.28629,-0.243984,1.264967
0.0,-1.00046,6.68458,-3.45557,-0.08531,-0.18856,-0.42904,-0.406988,-0.180059
0.0,-7.07679,3.1426,-0.86015,0.05239,-0.3453,-0.27621,-0.887476,0.117927
0.0,-15.44321,-3.98718,-4.40214,-0.0106,-0.1202,0.2111,-0.517076,-0.04361
0.0,18.25145,-3.51389,-141.53191,-0.12095,0.05363,-0.17611,0.245935,-0.581293
0.0,9.9003,-6.93374,-38.43267,-0.06724,0.85441,0.25163,1.274908,-0.07535
0.0,0.58733,0.62351,-4.35634,-0.09117,0.62052,-0.17611,1.261474,-0.140408
0.0,-9.06153,-0.04824,19.03298,-0.03355,0.80314,-0.25765,1.25791,-0.039756
0.0,-7.56534,3.84489,22.31542,-0.12828,0.6508,0.15836,1.267316,-0.189227
0.0,2.35832,-38.32306,-48.58535,-5.80552,3.88908,3.67143,0.515178,-0.826368
0.0,-4.1455,3.02046,0.26962,0.09487,-0.37362,-0.35824,-0.789473,0.181268
0.0,-8.45084,0.76092,-1.01282,-0.0399,-0.23983,-0.1224,-1.078158,-0.147106
0.0,-8.78672,0.3487,-51.65405,0.19204,-0.57235,-0.32894,-0.983608,0.283089
0.0,-9.65695,-13.43756,47.10931,0.31801,-0.09969,0.71159,-0.127216,0.41667
0.0,1.6713,0.28763,-10.15786,-0.26353,0.96183,-0.22884,1.222699,-0.260491
0.0,5.74763,-0.88794,23.59786,-0.05992,0.6381,-0.14632,1.327898,-0.091269
0.0,-7.44321,-1.52916,44.34595,-0.24058,0.56486,0.08561,1.146217,-0.398567
0.0,-4.46611,-26.99481,7.75053,-0.78257,0.43742,1.68327,0.231419,-0.422828
0.0,0.09878,-2.15511,-0.50901,-0.00376,0.00822,0.14274,0.057488,-0.026324
0.0,3.50336,1.4174,-1.22656,0.01528,-0.26571,0.00749,-1.506853,0.057415
0.0,31.10641,-4.00244,-184.17313,-0.14781,0.22648,0.15983,0.805166,-0.48987
0.0,1.97664,-2.09405,-32.57008,-0.22203,1.19328,-0.03792,1.384232,-0.18387
0.0,-8.40504,-0.84214,28.31542,-0.12779,0.63566,-0.04037,1.363015,-0.198
0.0,-9.73328,0.50137,72.84977,-0.3607,0.72941,0.01969,1.110961,-0.459099
0.0,-3.01573,-5.31542,6.42229,0.43569,-0.45467,0.53239,-0.584013,0.556661
0.0,-4.52718,2.15023,-1.02809,-0.02818,-0.27352,-0.14974,-1.062543,-0.090122
0.0,14.34305,-0.27725,1.6742,-0.00279,-0.23397,-0.1058,-1.146003,-0.010857
0.0,4.66366,0.33344,-0.98229,-0.06138,-0.31551,-0.08431,-1.251564,-0.185784
0.0,34.84687,-10.10931,-231.33344,-0.50572,2.31291,0.24528,1.332407,-0.214099
0.0,-11.74855,-0.09405,-25.3487,-0.24693,1.30119,-0.1805,1.33992,-0.185804
0.0,-14.25237,2.33344,22.89557,-0.04869,0.78605,-0.40853,1.088602,-0.054904
0.0,-3.90122,0.94412,68.80397,-0.28453,0.48234,-0.13656,0.991396,-0.51624
0.0,5.59496,53.29527,-11.95939,-0.61705,0.95255,-1.38216,0.561694,-0.352261
0.0,0.48046,0.59298,0.6055,-0.02232,-0.24081,-0.19515,-0.886559,-0.071884
0.0,20.67893,-1.28489,1.82687,-0.03941,-0.02792,0.07487,-0.318692,-0.458203
0.0,-2.05389,0.04336,-0.90595,-0.02232,-0.10555,-0.10189,-0.791336,-0.150979
0.0,20.84687,-3.42229,-201.4861,-0.24156,-0.06161,0.00309,-0.249695,-1.32078
0.0,2.7858,-2.82687,-48.05099,-0.06871,0.99015,-0.25277,1.312176,-0.067132
0.0,-4.26763,-0.13985,28.45283,-0.00328,0.91544,0.01237,1.556821,-0.003579
0.0,1.96137,1.47847,20.88031,-0.06529,0.47062,-0.4183,0.838213,-0.103321
0.0,-18.66458,0.65405,198.7429,-0.13169,-0.11874,0.38883,-0.281542,-0.31326
0.0,14.89267,-1.66656,2.14748,0.02749,-0.30477,-0.11751,-1.193752,0.083948
0.0,-0.05389,-4.36885,-0.98229,-0.0438,0.05363,-0.47054,0.112997,-0.092231
0.0,0.17511,0.85252,0.43756,0.00991,-0.01034,-0.08822,-0.115921,0.111082
0.0,-0.55771,-1.10168,1.75053,-0.01011,0.0048,0.32243,0.014878,-0.031349
0.0,-0.60351,-0.59786,3.88794,-0.00718,-0.06551,-0.04281,-0.985643,-0.091524
0.0,-42.93939,86.3029,38.04061,0.21792,-0.44833,-0.1639,-1.024366,0.428258
0.0,55.96137,199.28,-120.67694,0.06655,-0.03182,0.79704,-0.039765,0.083235
0.0,101.15221,292.18076,-91.77618,-0.90074,1.24455,0.92838,0.7661,-0.525674
0.0,81.64077,466.51663,-142.6006,-2.47251,1.3715,1.20231,0.462724,-0.935237
0.0,48.41939,194.76093,-103.62351,-2.74693,0.84513,0.74528,0.288638,-1.181524
0.0,-2.75618,-186.82687,33.06351,-3.79087,0.83781,1.17497,0.208045,-1.207063
0.0,41.16748,-409.10168,111.15511,-3.20542,1.17179,2.11149,0.296297,-0.925147
0.0,68.32779,-500.78107,262.92612,-1.6815,0.89494,1.60612,0.367394,-0.740792
0.0,71.47282,-32.56733,63.01771,-1.13853,-0.72567,-1.75472,-0.333932,-0.540117
0.0,49.44229,69.41741,5.17038,-0.72007,-0.40389,-2.57552,-0.149895,-0.269489
0.0,24.90794,209.81436,-44.95176,-0.83677,-0.08407,-1.59212,-0.046706,-0.483321
0.0,65.28962,435.12732,-158.21893,-1.13072,0.95988,1.01042,0.564331,-0.681609
0.0,182.46519,499.7533,-238.3716,-1.03257,0.68595,1.82536,0.316116,-0.48699
0.0,20.19038,-203.68182,-41.79145,-3.94175,1.37296,1.62418,0.311557,-1.076019
0.0,49.01481,-471.51389,138.65131,-2.44566,1.01554,1.97672,0.312372,-0.833204
0.0,15.97664,-332.07877,108.54443,-1.03746,0.79679,0.66862,0.573254,-0.784098
0.0,4.93847,-107.40702,58.19328,-0.19664,0.01164,-0.62777,0.017686,-0.303501
0.0,-4.2829,-33.91084,58.65129,0.01967,-0.34432,-0.61849,-0.507767,0.027784
0.0,14.49573,38.08916,10.45282,-0.60777,-0.17879,-0.89242,-0.164104,-0.588764
0.0,21.19802,278.10443,-56.61588,-2.72105,2.79728,2.00944,0.690967,-0.668635
0.0,-0.34397,-0.44519,-0.95176,0.04555,-0.01278,-0.07894,-0.139297,0.517786
0.0,-8.31343,-1.36122,-1.22656,0.03872,-0.03475,0.03825,-0.568281,0.642986
0.0,-14.35924,0.48611,-4.31053,0.10561,-0.01717,-0.01888,-0.158721,1.33367
0.0,17.24382,-0.36886,-179.44031,-0.42515,0.41886,0.2609,0.698485,-0.71116
0.0,0.86214,-2.7658,-21.94412,-0.05601,0.95158,0.26725,1.291352,-0.056608
0.0,7.03008,-0.12458,14.01008,-0.03892,0.67863,-0.03744,1.491387,-0.057203
0.0,-1.1684,-2.29252,15.87267,-0.09996,0.62638,0.23551,1.183026,-0.148272
0.0,-20.29817,2.13496,166.54443,-0.18833,0.20353,-0.01546,0.822481,-0.745206
0.0,1.13695,2.80672,1.15511,0.05776,-0.25106,-0.38558,-0.5721,0.124879
0.0,-0.02336,0.04336,-0.44794,0.01137,-0.00301,-0.06087,-0.048611,0.184464
0.0,-4.86305,1.55481,-0.55481,0.00307,-0.28231,-0.118,-1.174757,0.010037
0.0,23.24382,-6.23145,-144.76855,-0.0023,-0.38241,0.04606,-1.450779,-0.005971
0.0,19.77817,0.62351,-17.42504,-0.07359,1.10783,-0.53939,1.114052,-0.059653
0.0,-25.68748,1.78382,14.07115,-0.07847,0.8007,-0.15023,1.362198,-0.096027
0.0,-0.02336,-1.75817,20.84977,-0.10093,0.56388,0.16471,1.240743,-0.170155
0.0,-17.06153,3.78382,148.48337,-0.0438,-0.18709,0.09928,-1.045208,-0.203936
0.0,1.33542,0.60824,0.25435,0.02944,-0.24032,-0.02523,-1.410844,0.121231
0.0,-1.74855,-1.05588,-1.08916,-0.00767,-0.56454,0.08561,-1.419702,-0.013434
0.0,-2.00809,-5.88031,-5.97466,0.17348,-0.29842,0.30485,-0.70496,0.386234
0.0,32.63313,-2.6742,-207.57771,-0.32847,0.22355,-0.51546,0.350628,-0.529036
0.0,0.29725,-0.06351,-25.85252,-0.1356,1.1298,-0.15511,1.390421,-0.118351
0.0,-24.58825,6.62351,21.32305,-0.07164,0.89054,-0.14925,1.386992,-0.079168
0.0,-0.42031,-3.30015,18.19328,-0.14537,0.65666,0.33805,1.060013,-0.194339
0.0,-12.95466,1.34107,106.88031,-0.10093,0.13859,-0.08724,0.804433,-0.552346
0.0,3.70183,-8.50626,4.10168,0.07241,-0.05135,-0.0433,-0.546792,0.822913
0.0,-0.02336,0.3029,-0.31053,0.00502,0.00187,-0.18001,0.010384,0.027902
0.0,-2.83252,5.2342,-12.92122,0.1017,-0.38045,-0.44759,-0.6921,0.171432
0.0,35.86977,-2.70473,-156.17313,-0.07408,-0.00155,-0.05892,-0.016352,-0.898699
0.0,4.6484,-1.88031,-30.73801,-0.01744,0.95646,-0.05257,1.51295,-0.018201
0.0,-15.15313,0.89832,14.30015,0.02211,0.90714,-0.06136,1.499018,0.024318
0.0,-1.19893,1.60061,16.92611,-0.08775,0.64152,0.01237,1.43353,-0.135915
0.0,-25.01573,-0.56733,154.04062,-0.34507,0.4921,0.09098,0.943368,-0.603667
0.0,-0.75618,11.1884,1.61313,0.10854,-0.18465,-1.21468,-0.150273,0.088113
0.0,2.57206,-0.68947,0.25435,-0.00035,-0.07967,0.10368,-0.655217,-0.002651
0.0,0.99954,-0.93374,0.49863,0.00209,0.00236,-0.03011,0.077973,0.069241
0.0,-0.46611,-1.66656,0.01008,-0.00035,0.00871,0.04069,0.210783,-0.008331
0.0,-0.11496,2.31817,-0.38687,0.00795,0.02189,0.00553,1.154095,0.338719
0.0,-0.84779,-4.15511,2.95664,0.27553,0.21183,0.15788,0.588277,0.806407
0.0,-0.00809,104.44031,44.13221,0.10268,-0.39803,-0.19808,-1.059897,0.226973
0.0,-4.03863,119.20367,-70.76855,0.44985,-0.32479,0.90397,-0.311212,0.437989
0.0,75.30489,281.08154,-98.72275,-0.81285,0.37345,1.19254,0.253209,-0.576698
0.0,130.22092,382.27237,-51.56244,-1.77037,0.77482,1.88151,0.291379,-0.716016
0.0,127.50336,492.50137,-84.84489,-2.78062,0.85929,0.89323,0.286147,-1.151486
0.0,25.30489,84.42504,-98.69221,-3.29869,0.98185,0.1818,0.288884,-1.276857
0.0,2.15985,-29.01008,7.23145,-3.81675,1.06291,0.49772,0.269431,-1.27247
0.0,-28.90886,-214.67419,67.491,-3.53746,0.95451,0.53776,0.260693,-1.27046
0.0,-28.60351,-490.93375,139.38412,-3.28208,1.41935,1.85709,0.35998,-0.951953
0.0,-38.08443,-484.30777,179.12459,-1.2855,0.78849,1.31706,0.404772,-0.697156
0.0,-48.52718,-500.78107,225.38412,-0.87095,0.30314,-0.285,0.319465,-1.12513
0.0,48.92321,-24.20092,23.30779,-0.43931,-0.01815,-1.34505,-0.012826,-0.315663
0.0,59.68657,101.69221,24.6971,-0.08189,-0.73446,-1.8597,-0.3758,-0.040933
0.0,50.25145,231.84489,-63.05863,-0.31285,-0.45956,-0.63363,-0.576606,-0.380233
0.0,109.4881,433.24948,-107.95939,-0.83921,0.34123,1.09049,0.243075,-0.633479
0.0,187.39648,499.7533,-240.95175,-1.8358,0.54533,1.25504,0.240478,-0.930247
0.0,120.37359,280.50137,-202.98228,-3.50328,0.76652,0.66081,0.211785,-1.28957
0.0,17.32015,-53.22382,18.28489,-4.01548,0.64933,0.07194,0.160294,-1.409513
0.0,5.90031,-133.7887,43.59786,-3.63511,0.81339,0.54508,0.217777,-1.307683
0.0,1.42702,-322.70474,125.65894,-3.61705,1.15373,1.27067,0.292318,-1.127754
0.0,-29.03099,-482.39938,201.41466,-1.74839,0.96281,1.04118,0.44193,-0.889326
0.0,-56.20657,-478.70474,184.20856,-1.17564,0.66398,-0.27523,0.502776,-1.022051
0.0,-22.89359,-85.25435,105.21619,-0.33433,-0.11239,-0.91048,-0.115358,-0.349477
0.0,-6.3287,-18.13985,53.82687,-0.00816,-0.56405,-0.90169,-0.558971,-0.007671
0.0,0.02244,43.31054,-41.3029,0.07338,-0.23788,-0.81234,-0.28377,0.08648
0.0,1.68656,78.97466,5.27725,-0.44029,-0.16512,-0.8597,-0.169317,-0.466003
0.0,-6.49664,11.61588,-66.76855,-0.0897,-0.22616,-0.45687,-0.452175,-0.174179
0.0,7.21328,21.58534,-0.00519,0.02797,-0.11483,-1.92025,-0.059722,0.014541
0.0,-0.55771,-0.32305,0.84977,0.06459,0.059,-0.32064,0.178461,0.195597
0.0,-19.3516,-2.90321,-0.93649,-0.00865,-0.01668,0.34538,-0.048256,-0.025003
0.0,-4.72565,1.00519,-0.09679,0.02065,-0.07918,-0.04964,-0.974299,0.217452
0.0,-0.17603,-0.24672,-0.61588,-0.00816,0.00773,-0.00912,0.563468,-0.598994
0.0,-7.27527,-0.42992,-1.60824,-0.02037,-0.24715,0.07975,-1.249315,-0.078261
0.0,6.46519,-3.08641,-80.66167,0.14125,-0.29891,-0.08041,-1.072756,0.428116
0.0,-12.52718,-1.51389,35.41465,0.27456,0.53507,0.88249,0.5248,0.260012
0.0,1.59496,-1.43756,-25.2113,-0.1273,0.99064,-0.08285,1.418662,-0.127362
0.0,-14.83252,1.17313,27.79634,0.10415,0.81632,-0.53109,0.985352,0.106534
0.0,-4.75618,0.94412,25.00244,-0.0941,0.48332,-0.38314,0.886202,-0.151399
0.0,-19.84015,4.01282,169.70474,-0.14634,-0.10213,-0.06722,-0.565188,-0.874776
0.0,2.51099,-5.89557,-16.98229,0.06997,-0.14022,0.93375,-0.148643,0.073964
0.0,10.12931,-0.49099,-111.10442,0.07583,-0.21297,-0.16244,-0.871133,0.275871
0.0,15.30489,0.74565,-58.46321,-0.14195,1.0463,-0.61312,1.029285,-0.11652
0.0,-2.00809,-0.24672,12.51389,-0.11363,0.70011,-0.01449,1.40862,-0.160863
0.0,-10.58824,-1.77344,30.07115,-0.08482,0.74162,0.17936,1.309388,-0.110711
0.0,-9.93176,0.80672,67.15511,-0.35923,0.63859,-0.25912,0.96437,-0.480515
0.0,4.05298,32.15023,-3.98992,-0.52574,0.07707,-3.46468,0.021988,-0.150556
0.0,10.6942,0.59298,-10.21893,0.0768,-0.63827,-0.19125,-1.258474,0.114759
0.0,17.83924,-0.38412,-162.05099,-0.30699,-0.04842,0.53336,-0.078523,-0.520488
0.0,3.25908,-2.64366,-25.69985,-0.05552,1.03166,-0.04916,1.49904,-0.053706
0.0,-3.51954,2.01282,21.39939,-0.03697,0.64396,-0.17806,1.295557,-0.055274
0.0,-6.83252,2.94412,27.79634,0.04604,0.45841,0.11002,1.316262,0.097351
0.0,-8.81725,-6.20092,110.10168,-0.32701,0.54191,0.32292,0.867428,-0.478243
0.0,-0.05389,23.58534,15.32305,0.88588,-1.27694,-1.22689,-0.700893,0.46386
0.0,3.7171,4.53191,-16.52427,0.11879,-0.64901,-0.59554,-0.818606,0.134055
0.0,26.41939,1.64641,-188.17313,-0.32261,0.11466,-0.12582,0.319767,-1.085273
0.0,2.86214,0.69985,-16.63115,-0.0775,1.07218,-0.24056,1.339301,-0.070408
0.0,-23.96229,-0.55206,18.84977,-0.16099,1.28263,0.05875,1.437969,-0.124734
0.0,-1.38214,0.40977,32.08641,-0.22886,0.68498,-0.03792,1.244247,-0.321996
0.0,-13.96229,-0.70473,148.05588,2.03615,-3.93563,1.53141,-0.996279,0.449265
0.0,-0.3745,0.83725,-1.13496,0.01625,-0.01815,-0.18197,-0.099019,0.088654
0.0,4.54153,4.60824,-117.3487,-0.12974,-0.12215,0.20524,-0.466113,-0.497618
0.0,8.08351,7.4174,-50.81435,-0.19419,1.17277,-0.5516,1.108242,-0.148733
0.0,-1.93176,1.00519,11.91847,-0.06919,0.70939,-0.17269,1.314322,-0.094491
0.0,-2.81725,-3.94137,29.8116,-0.06236,0.57414,0.87321,0.580464,-0.0596
0.0,-20.49664,-2.00244,201.38412,-0.16587,-0.3829,-0.49105,-0.636256,-0.260339
0.0,-0.49664,3.58534,-0.53954,0.01772,-0.05917,-0.13509,-0.40967,0.119576
0.0,0.6026,3.12733,-27.01283,0.30532,-0.54842,-0.1932,-0.988249,0.483517
0.0,21.42702,15.05099,-92.52427,-1.33384,2.43888,-0.84066,0.996909,-0.477197
0.0,-1.27527,1.64641,8.62076,-0.12925,0.71671,-0.16732,1.283935,-0.173846
0.0,2.8316,-0.8574,25.94901,0.0187,0.51066,-0.24886,1.116223,0.0329
0.0,-14.02336,-4.47573,83.99481,-0.05162,-0.04208,0.16569,-0.23786,-0.293238
0.0,-2.64931,-9.19328,7.8116,0.08168,0.2133,0.95182,0.219669,0.083547
0.0,0.05298,-1.7887,-0.06626,0.00454,0.0175,0.11588,0.149727,0.038686
0.0,-0.02336,-0.29252,0.01008,-0.02867,-0.00545,0.04264,-0.105752,-0.588126
0.0,-15.29053,-9.46809,20.57496,0.24917,0.15714,0.04069,0.556753,0.993382
0.0,21.51863,-163.89557,19.15512,0.50209,-0.07088,-0.28939,-0.12171,1.035242
0.0,46.84687,-360.84213,3.93374,-0.59263,-0.28329,-2.12386,-0.127775,-0.26984
0.0,23.82397,5.81435,-66.43267,-0.84458,-0.2325,-2.03695,-0.105051,-0.390772
0.0,-2.52718,253.37161,-104.92122,-0.84214,-0.02645,-1.68685,-0.014028,-0.46299
0.0,-11.3974,428.19604,-83.68458,-0.2938,-0.08456,0.03043,-0.278808,-1.273962
0.0,98.63313,499.7533,-60.09679,-1.76695,0.85978,1.6984,0.337395,-0.748179
0.0,31.33542,347.43268,-255.37924,-2.85826,0.81974,1.50944,0.24837,-1.029679
0.0,-9.93176,-84.23145,42.31542,-3.63658,0.65177,1.52653,0.163777,-1.142607
0.0,9.44229,-162.41466,51.04824,-3.15025,0.82316,1.73161,0.225106,-1.024063
0.0,21.27435,-462.23145,120.92611,-2.4857,1.05509,2.15202,0.310526,-0.803615
0.0,-9.55008,-500.78107,209.85741,-1.4691,0.45304,1.28776,0.227873,-0.822066
0.0,11.7171,-273.33069,198.10168,-1.30894,-0.37069,-2.18734,-0.144409,-0.533037
0.0,23.8545,36.3945,-55.1197,-1.10728,0.04728,-2.0848,0.020026,-0.488127
0.0,22.95374,236.02809,-21.85252,-0.39048,-0.72274,-1.73275,-0.386442,-0.205064
0.0,54.8316,461.14261,-145.13496,-0.78208,0.33927,0.41129,0.366593,-0.97244
0.0,154.19038,499.7533,-201.02809,-1.14439,0.20255,1.6237,0.101616,-0.610313
0.0,4.29725,-183.07114,-179.56244,-4.27232,1.34953,3.30924,0.24472,-0.874186
0.0,0.93847,-345.07114,85.6284,-2.10093,0.50285,2.46403,0.15406,-0.69597
0.0,-24.66458,-496.79633,138.17802,-1.32847,0.53605,1.18278,0.292713,-0.796775
0.0,-7.62641,-235.55969,98.10168,-0.22349,0.14835,-0.0223,0.583738,-0.979619
0.0,6.6484,-64.97954,69.39939,-0.52085,-0.05379,-0.64242,-0.064953,-0.679567
0.0,9.94611,90.45557,-82.49374,-0.06822,-0.62801,0.83659,-0.642349,-0.065121
0.0,7.56443,-4.5826,-1.50137,-0.0233,-0.47225,1.13834,-0.393175,-0.0189
0.0,5.82397,-2.6284,-1.31817,0.00893,-0.1744,0.28922,-0.542406,0.026437
0.0,43.09114,-6.91847,-155.57771,-0.21421,0.01554,-0.48958,0.029075,-0.412261
0.0,11.22855,-4.01771,-39.89832,-0.05601,1.08048,-0.39925,1.213665,-0.048587
0.0,-8.96992,1.46321,4.54443,-0.10289,1.09416,-0.32601,1.267964,-0.089874
0.0,-20.83252,-2.00244,14.02534,-0.04136,0.66984,-0.13167,1.367593,-0.060516
0.0,-44.96992,-3.31542,192.33069,-0.39781,0.50675,0.007,0.905186,-0.665489
0.0,-3.44321,5.1426,0.10168,0.01381,-0.04989,-0.53792,-0.092446,0.025564
0.0,-2.1455,-2.04824,-0.15786,0.00698,-0.08602,0.04362,-1.096396,0.07222
0.0,24.17511,-6.00244,12.04061,0.04799,-0.01034,-0.55697,-0.018489,0.085942
0.0,-10.29817,156.47084,5.36885,-0.15855,-0.04159,0.21354,-0.155106,-0.629788
0.0,34.74,168.74565,23.73527,-0.16685,-0.19833,1.21208,-0.160698,-0.135024
0.0,113.06062,378.1655,-67.13496,-1.46763,0.53361,1.71012,0.232504,-0.686367
0.0,170.89267,499.7533,-57.04336,-2.2938,0.58439,1.6486,0.204001,-0.91932
0.0,30.34305,117.50901,-89.19603,-3.21226,0.84562,0.3444,0.256004,-1.293857
0.0,-4.72565,-70.67419,22.20855,-3.12535,0.7675,0.79264,0.233686,-1.231429
0.0,-29.3516,-254.84213,17.6284,-3.10142,0.70841,1.25065,0.208754,-1.136815
0.0,-64.34396,-435.81924,126.31542,-2.0189,0.66349,1.61588,0.251159,-0.857531
0.0,-82.06916,-391.69708,121.01772,-1.29429,0.57316,1.37467,0.294723,-0.715431
0.0,-38.95466,-190.59785,129.42993,-0.34068,-0.1744,0.11247,-0.452477,-1.02369
0.0,-4.06916,-103.62076,42.59023,-0.08531,-0.54793,-0.53109,-0.794642,-0.111332
0.0,33.21328,-17.59023,-53.63878,-0.16783,-0.36532,-0.55697,-0.560763,-0.246823
0.0,22.48046,70.2571,-69.59297,0.45913,-0.50741,-0.2972,-0.747935,0.662907
0.0,-55.80962,-1.80397,-8.44794,-0.03746,0.00919,0.44596,0.020542,-0.083775
0.0,0.41939,8.3487,-7.27237,0.07973,0.09123,0.0612,0.737017,0.627845
0.0,-24.74092,-7.72763,11.33832,0.10903,0.27091,-0.44271,0.536136,0.207054
0.0,9.70183,-149.65129,35.6284,0.50698,0.30558,-0.52767,0.395587,0.693613
0.0,-50.3745,-150.96426,-15.86779,-1.53306,-0.71297,-1.04964,-0.36641,-0.879401
0.0,-7.13786,-158.29251,2.72763,0.01381,0.24259,0.85172,0.277443,0.015597
0.0,132.22092,-59.71237,-34.02046,-0.33091,0.01505,0.26823,0.035325,-0.888875
0.0,67.6713,14.13496,-66.86015,-1.40025,-0.88485,-4.32845,-0.192103,-0.306928
0.0,-174.2829,190.9594,-22.52427,-1.26207,-0.55721,-2.00765,-0.230786,-0.544623
0.0,-118.40504,16.18076,-9.24183,0.7687,0.18791,3.08366,0.059058,0.243867
0.0,230.55679,-52.72,-9.83725,-0.2938,-0.46737,-0.25863,-0.873606,-0.50287
0.0,-26.77145,-4.68947,-103.63878,-1.94517,-0.9537,-4.32845,-0.198329,-0.413556
0.0,-254.60352,39.95176,37.03297,0.84877,-0.58114,2.72428,-0.200914,0.295766
0.0,204.6026,-68.23145,37.61313,-0.13023,-0.13094,1.83317,-0.07113,-0.070742
0.0,85.45756,-71.98717,-41.80672,-1.05162,-1.26961,-4.32845,-0.277664,-0.229041
0.0,-271.99283,194.42505,41.84214,0.20913,-1.20077,0.24479,-1.308832,0.169022
0.0,147.8087,-59.43756,23.52153,0.80776,0.07121,3.67143,0.018939,0.216523
0.0,183.36595,-49.54443,-6.81435,-0.65464,-1.19442,-4.32845,-0.26636,-0.144773
0.0,-285.88596,223.20367,22.81924,-1.45103,-0.68124,-2.41,-0.237591,-0.525124
0.0,-43.87069,-56.53679,22.19328,-0.15953,1.09757,3.67143,0.290235,-0.041606
0.0,258.00717,-75.08641,23.33832,-0.70103,-0.58993,-1.11458,-0.421213,-0.50736
0.0,-84.09969,19.73801,-28.43267,-0.89146,-0.74129,-4.32845,-0.166193,-0.200277
0.0,-208.89359,34.45557,-6.73802,0.12905,-0.0787,2.61442,-0.030055,0.049298
0.0,175.73238,-109.77343,28.66656,0.31264,-0.28426,3.21159,-0.087868,0.096667
0.0,160.15985,-43.36122,-15.24183,0.00454,-1.10799,-4.13558,-0.261769,0.001059
0.0,-212.95465,165.38687,-62.3716,-1.63609,-0.46834,-2.97982,-0.13691,-0.496988
0.0,-136.14549,-17.98718,46.20855,0.28237,0.14591,3.67143,0.039605,0.076698
0.0,218.14458,-61.23909,3.93374,-0.92662,-0.4576,-0.54769,-0.401983,-0.91448
0.0,-22.93939,44.54718,-5.04336,-0.07701,-0.59334,-4.12582,-0.142809,-0.018472
0.0,-117.99282,40.13496,96.62077,0.66762,-0.29647,1.23014,-0.208735,0.485493
0.0,-3.22947,82.33344,38.14748,-1.20054,-0.3619,-0.18099,-0.289693,-1.245711
0.0,11.18275,18.01282,-6.00519,-0.16929,-0.17733,-0.03451,-0.798411,-0.752938
0.0,-0.00809,1.61588,-0.21893,0.0187,-0.03719,-0.38558,-0.096048,0.048227
0.0,-0.08443,0.50137,0.26962,0.01284,-0.01278,-0.11947,-0.10595,0.106438
0.0,-0.05389,0.33344,-0.00519,0.00112,-0.0118,-0.06234,-0.187073,0.017622
0.0,-0.02336,0.3945,-0.05099,0.01918,-0.01913,-0.08333,-0.220036,0.220721
0.0,-0.3287,-0.00244,-0.17313,0.00112,-0.00692,-0.04476,-0.153315,0.024683
0.0,-0.22183,0.11969,0.20855,0.0104,-0.01375,-0.03207,-0.387431,0.289568
0.0,0.02244,-0.07878,0.30015,0.01284,-0.01131,-0.04183,-0.253015,0.287997
0.0,0.09878,0.28763,0.04061,0.00942,-0.00448,-0.07015,-0.063175,0.1332
0.0,-0.02336,-0.17038,-0.00519,0.01088,-0.02108,-0.06234,-0.321539,0.163908
0.0,-0.16076,0.01282,0.05588,-0.00767,-0.01473,-0.05453,-0.261414,-0.134987
0.0,-0.25237,0.01282,-0.4174,0.02065,-0.0162,-0.04623,-0.309619,0.398972
0.0,-15.19893,0.33344,-2.49374,0.02749,0.0297,-0.06625,0.392633,0.361915
0.0,-0.83252,-0.13985,0.01008,0.01235,-0.01571,-0.06039,-0.249541,0.195385
0.0,-0.17603,0.01282,0.13221,0.01723,-0.00057,-0.04281,-0.012379,0.382657
0.0,0.26672,0.11969,0.17802,0.00014,-0.01473,-0.06429,-0.225245,0.002147
0.0,-0.20656,-0.07878,0.01008,0.006,-0.02303,-0.05355,-0.40393,0.102584
0.0,-0.22183,-0.10931,-0.31053,0.00356,-0.01717,-0.04427,-0.368939,0.07482
0.0,-0.11496,0.04336,-0.06626,0.00258,-0.01375,-0.05843,-0.230971,0.043003
0.0,-0.05389,-0.12458,-0.06626,0.01186,-0.00936,-0.04574,-0.19557,0.248786
